location,side_a,side_a_2nd,side_b,side_b_2nd,territory_name,year,start_date,start_date2,ep_end_date,continente,location_br
Malaysia,Government of Malaysia,,Sultanate of Sulu,,Sabah,2013,2013-03-01,2013-03-02,2013-04-24,Asia,Malásia
Syria,Government of Syria,,IS,,Islamic State,2013,2013-03-26,2013-07-25,,Asia,Síria
Syria,Government of Syria,"Government of Iran, Government of Russia (Soviet Union)",IS,,Islamic State,2017,2013-03-26,2013-07-25,,Asia,Síria
Syria,Government of Syria,"Government of Iran, Government of Russia (Soviet Union)",IS,,Islamic State,2018,2013-03-26,2013-07-25,,Asia,Síria
Syria,Government of Syria,"Government of Iran, Government of Russia (Soviet Union)",IS,,Islamic State,2019,2013-03-26,2013-07-25,,Asia,Síria
Syria,Government of Syria,"Government of Iran, Government of Russia (Soviet Union)",IS,,Islamic State,2015,2013-03-26,2013-07-25,,Asia,Síria
Syria,Government of Syria,"Government of Iran, Government of Russia (Soviet Union)",IS,,Islamic State,2021,2013-03-26,2013-07-25,,Asia,Síria
Syria,Government of Syria,"Government of Iran, Government of Russia (Soviet Union)",IS,,Islamic State,2020,2013-03-26,2013-07-25,,Asia,Síria
Syria,Government of Syria,,IS,,Islamic State,2014,2013-03-26,2013-07-25,,Asia,Síria
Syria,Government of Syria,"Government of Iran, Government of Russia (Soviet Union)",IS,,Islamic State,2023,2013-03-26,2013-07-25,,Asia,Síria
Syria,Government of Syria,"Government of Iran, Government of Russia (Soviet Union)",IS,,Islamic State,2016,2013-03-26,2013-07-25,,Asia,Síria
Syria,Government of Syria,"Government of Iran, Government of Russia (Soviet Union)",IS,,Islamic State,2024,2013-03-26,2013-07-25,,Asia,Síria
Syria,Government of Syria,Government of United States of America,IS,,Islamic State,2025,2013-03-26,2013-07-25,,Asia,Síria
Syria,Government of Syria,"Government of Iran, Government of Russia (Soviet Union)",IS,,Islamic State,2022,2013-03-26,2013-07-25,,Asia,Síria
Ukraine,Government of Ukraine,,Maidan,,,2014,2014-01-22,2014-02-18,2014-02-21,Europe,Ucrânia
Ukraine,Government of Ukraine,,DPR,Government of Russia (Soviet Union),Donetsk,2014,2014-04-08,2014-05-02,2014-09-15,Europe,Ucrânia
Ukraine,Government of Ukraine,,LPR,Government of Russia (Soviet Union),Lugansk,2014,2014-05-04,2014-06-14,2014-09-17,Europe,Ucrânia
Lebanon,Government of Lebanon,,IS,,Islamic State,2014,2014-06-25,2014-08-03,,Asia,Líbano
Lebanon,Government of Lebanon,,IS,,Islamic State,2015,2014-06-25,2014-08-03,2015-12-15,Asia,Líbano
Lebanon,Government of Lebanon,,IS,,Islamic State,2017,2014-06-25,2017-08-19,2017-08-27,Asia,Líbano
Ukraine,Government of Ukraine,,"DPR, LPR, United Armed Forces of Novorossiya",Government of Russia (Soviet Union),Novorossiya,2015,2014-09-16,2014-09-18,,Europe,Ucrânia
Ukraine,Government of Ukraine,,"DPR, LPR",Government of Russia (Soviet Union),Novorossiya,2018,2014-09-16,2014-09-18,,Europe,Ucrânia
Ukraine,Government of Ukraine,,"DPR, LPR",Government of Russia (Soviet Union),Novorossiya,2019,2014-09-16,2014-09-18,,Europe,Ucrânia
Ukraine,Government of Ukraine,,"DPR, LPR",Government of Russia (Soviet Union),Novorossiya,2020,2014-09-16,2014-09-18,,Europe,Ucrânia
Ukraine,Government of Ukraine,,"DPR, LPR",Government of Russia (Soviet Union),Novorossiya,2016,2014-09-16,2014-09-18,,Europe,Ucrânia
Ukraine,Government of Ukraine,,DPR,Government of Russia (Soviet Union),Novorossiya,2022,2014-09-16,2014-09-18,2022-02-25,Europe,Ucrânia
Ukraine,Government of Ukraine,,"DPR, LPR",Government of Russia (Soviet Union),Novorossiya,2021,2014-09-16,2014-09-18,,Europe,Ucrânia
Ukraine,Government of Ukraine,,United Armed Forces of Novorossiya,Government of Russia (Soviet Union),Novorossiya,2014,2014-09-16,2014-09-18,,Europe,Ucrânia
Ukraine,Government of Ukraine,,"DPR, LPR",Government of Russia (Soviet Union),Novorossiya,2017,2014-09-16,2014-09-18,,Europe,Ucrânia
Algeria,Government of Algeria,,IS,,Islamic State,2015,2014-10-10,2015-05-20,2015-05-20,Africa,Argélia
Mali,Government of Mali,,FLM,,Macina Empire,2015,2015-01-05,2015-06-27,2015-10-28,Africa,Mali
Afghanistan,Government of Afghanistan,Government of United States of America,IS,,Islamic State,2019,2015-02-09,2015-03-03,,Asia,Afeganistão
Afghanistan,Government of Afghanistan,Government of United States of America,IS,,Islamic State,2020,2015-02-09,2015-03-03,,Asia,Afeganistão
Afghanistan,Government of Afghanistan,,IS,,Islamic State,2024,2015-02-09,2015-03-03,,Asia,Afeganistão
Afghanistan,Government of Afghanistan,,IS,,Islamic State,2025,2015-02-09,2015-03-03,,Asia,Afeganistão
Afghanistan,Government of Afghanistan,Government of United States of America,IS,,Islamic State,2021,2015-02-09,2015-03-03,,Asia,Afeganistão
Afghanistan,Government of Afghanistan,,IS,,Islamic State,2022,2015-02-09,2015-03-03,,Asia,Afeganistão
Afghanistan,Government of Afghanistan,,IS,,Islamic State,2023,2015-02-09,2015-03-03,,Asia,Afeganistão
Afghanistan,Government of Afghanistan,"Government of Pakistan, Government of United States of America",IS,,Islamic State,2016,2015-02-09,2015-03-03,,Asia,Afeganistão
Afghanistan,Government of Afghanistan,Government of United States of America,IS,,Islamic State,2018,2015-02-09,2015-03-03,,Asia,Afeganistão
Afghanistan,Government of Afghanistan,Government of United States of America,IS,,Islamic State,2017,2015-02-09,2015-03-03,,Asia,Afeganistão
Afghanistan,Government of Afghanistan,"Government of Pakistan, Government of United States of America",IS,,Islamic State,2015,2015-02-09,2015-03-03,,Asia,Afeganistão
Central African Republic,Government of Central African Republic,"Government of Bangladesh, Government of Benin, Government of Bhutan, Government of Brazil, Government of Burkina Faso, Government of Burundi, Government of Cambodia (Kampuchea), Government of Cameroon, Government of China, Government of Congo, Government of Djibouti, Government of Egypt, Government of Gambia, Government of Ghana, Government of Guinea, Government of Indonesia, Government of Ivory Coast, Government of Jordan, Government of Mali, Government of Mauritania, Government of Morocco, Government of Nepal, Government of Niger, Government of Nigeria, Government of Pakistan, Government of Peru, Government of Portugal, Government of Romania, Government of Rwanda, Government of Senegal, Government of Serbia (Yugoslavia), Government of Spain, Government of Sri Lanka, Government of Sweden, Government of Tanzania, Government of Togo, Government of Tunisia, Government of Turkey, Government of Zambia",MPC,,Logone,2023,2015-02-10,2023-12-09,2023-12-09,Africa,República Centro-Africana
Central African Republic,Government of Central African Republic,"Government of Bangladesh, Government of Benin, Government of Bhutan, Government of Bolivia, Government of Brazil, Government of Burkina Faso, Government of Burundi, Government of Cambodia (Kampuchea), Government of Cameroon, Government of Congo, Government of Djibouti, Government of DR Congo (Zaire), Government of Egypt, Government of France, Government of Gabon, Government of Gambia, Government of Ghana, Government of Guatemala, Government of Guinea, Government of Hungary, Government of Indonesia, Government of Ivory Coast, Government of Jordan, Government of Kenya, Government of Madagascar, Government of Mali, Government of Mauritania, Government of Moldova, Government of Morocco, Government of Nepal, Government of Niger, Government of Nigeria, Government of Pakistan, Government of Paraguay, Government of Peru, Government of Romania, Government of Rwanda, Government of Senegal, Government of Serbia (Yugoslavia), Government of Sri Lanka, Government of Tanzania, Government of Thailand, Government of Togo, Government of Tunisia, Government of Turkey, Government of United States of America, Government of Vietnam (North Vietnam), Government of Yemen (North Yemen), Government of Zambia",FPRC,,Logone,2015,2015-02-10,2015-10-10,2015-10-10,Africa,República Centro-Africana
Kenya,Government of Kenya,,Al-Shabaab,,Northeastern Province and Coast,2015,2015-03-13,2015-07-13,,Africa,Quênia
Kenya,Government of Kenya,,Al-Shabaab,,Northeastern Province and Coast,2025,2015-03-13,2015-07-13,,Africa,Quênia
Kenya,Government of Kenya,,Al-Shabaab,,Northeastern Province and Coast,2016,2015-03-13,2015-07-13,,Africa,Quênia
Kenya,Government of Kenya,Government of United States of America,Al-Shabaab,,Northeastern Province and Coast,2019,2015-03-13,2015-07-13,,Africa,Quênia
Kenya,Government of Kenya,Government of United States of America,Al-Shabaab,,Northeastern Province and Coast,2020,2015-03-13,2015-07-13,,Africa,Quênia
Kenya,Government of Kenya,,Al-Shabaab,,Northeastern Province and Coast,2023,2015-03-13,2015-07-13,,Africa,Quênia
Kenya,Government of Kenya,,Al-Shabaab,,Northeastern Province and Coast,2022,2015-03-13,2015-07-13,,Africa,Quênia
Kenya,Government of Kenya,,Al-Shabaab,,Northeastern Province and Coast,2017,2015-03-13,2015-07-13,,Africa,Quênia
Kenya,Government of Kenya,,Al-Shabaab,,Northeastern Province and Coast,2024,2015-03-13,2015-07-13,,Africa,Quênia
Kenya,Government of Kenya,,Al-Shabaab,,Northeastern Province and Coast,2018,2015-03-13,2015-07-13,,Africa,Quênia
Kenya,Government of Kenya,Government of United States of America,Al-Shabaab,,Northeastern Province and Coast,2021,2015-03-13,2015-07-13,,Africa,Quênia
Libya,Government of Libya,Government of United States of America,IS,,Islamic State,2018,2015-03-14,2015-03-18,,Africa,Líbia
Libya,Government of Libya,Government of United States of America,IS,,Islamic State,2019,2015-03-14,2015-03-18,2019-09-29,Africa,Líbia
Libya,Government of Libya,Government of United States of America,IS,,Islamic State,2016,2015-03-14,2015-03-18,,Africa,Líbia
Libya,Government of Libya,Government of United States of America,IS,,Islamic State,2017,2015-03-14,2015-03-18,,Africa,Líbia
Libya,Government of Libya,,IS,,Islamic State,2015,2015-03-14,2015-03-18,,Africa,Líbia
Nigeria,Government of Nigeria,"Government of Cameroon, Government of Niger, Government of United States of America",IS,,Islamic State,2025,2015-03-15,2015-03-22,,Africa,Nigéria
Nigeria,Government of Nigeria,"Government of Cameroon, Government of Chad, Government of Niger",IS,,Islamic State,2022,2015-03-15,2015-03-22,,Africa,Nigéria
Nigeria,Government of Nigeria,Government of Niger,IS,,Islamic State,2024,2015-03-15,2015-03-22,,Africa,Nigéria
Nigeria,Government of Nigeria,"Government of Cameroon, Government of Chad, Government of Niger",IS,,Islamic State,2018,2015-03-15,2015-03-22,,Africa,Nigéria
Nigeria,Government of Nigeria,"Government of Cameroon, Government of Chad, Government of Niger",IS,,Islamic State,2019,2015-03-15,2015-03-22,,Africa,Nigéria
Nigeria,Government of Nigeria,"Government of Cameroon, Government of Chad, Government of Niger",IS,,Islamic State,2020,2015-03-15,2015-03-22,,Africa,Nigéria
Nigeria,Government of Nigeria,"Government of Cameroon, Government of Chad, Government of Niger",IS,,Islamic State,2021,2015-03-15,2015-03-22,,Africa,Nigéria
Nigeria,Government of Nigeria,"Government of Cameroon, Government of Niger",IS,,Islamic State,2023,2015-03-15,2015-03-22,,Africa,Nigéria
Nigeria,Government of Nigeria,"Government of Cameroon, Government of Chad, Government of Niger",IS,,Islamic State,2016,2015-03-15,2015-03-22,,Africa,Nigéria
Nigeria,Government of Nigeria,Government of Chad,IS,,Islamic State,2017,2015-03-15,2015-03-22,,Africa,Nigéria
Nigeria,Government of Nigeria,"Government of Cameroon, Government of Chad, Government of Niger",IS,,Islamic State,2015,2015-03-15,2015-03-22,,Africa,Nigéria
Tunisia,Government of Tunisia,,IS,,Islamic State,2016,2015-03-18,2016-03-07,2016-03-21,Africa,Tunísia
Cameroon,Government of Cameroon,Government of Nigeria,IS,,Islamic State,2025,2015-03-19,2025-06-08,,Africa,Camarões
Cameroon,Government of Cameroon,,IS,,Islamic State,2016,2015-03-19,2015-08-11,2016-10-06,Africa,Camarões
Cameroon,Government of Cameroon,,IS,,Islamic State,2023,2015-03-19,2023-06-05,2023-12-17,Africa,Camarões
Cameroon,Government of Cameroon,Government of Chad,IS,,Islamic State,2015,2015-03-19,2015-08-11,,Africa,Camarões
Cameroon,Government of Cameroon,Government of Chad,IS,,Islamic State,2019,2015-03-19,2019-04-27,2019-09-17,Africa,Camarões
Cameroon,Government of Cameroon,Government of Nigeria,IS,,Islamic State,2021,2015-03-19,2021-07-09,2021-11-28,Africa,Camarões
Niger,Government of Niger,"Government of Chad, Government of France, Government of United States of America",IS,,Islamic State,2019,2015-03-26,2015-03-30,,Africa,Níger
Niger,Government of Niger,"Government of France, Government of United States of America",IS,,Islamic State,2018,2015-03-26,2015-03-30,,Africa,Níger
Niger,Government of Niger,"Government of Chad, Government of France, Government of United States of America",IS,,Islamic State,2020,2015-03-26,2015-03-30,,Africa,Níger
Niger,Government of Niger,"Government of Chad, Government of France, Government of United States of America",IS,,Islamic State,2022,2015-03-26,2015-03-30,,Africa,Níger
Niger,Government of Niger,,IS,,Islamic State,2024,2015-03-26,2015-03-30,,Africa,Níger
Niger,Government of Niger,"Government of Chad, Government of France, Government of United States of America",IS,,Islamic State,2021,2015-03-26,2015-03-30,,Africa,Níger
Niger,Government of Niger,"Government of Chad, Government of Nigeria",IS,,Islamic State,2016,2015-03-26,2015-03-30,,Africa,Níger
Niger,Government of Niger,Government of France,IS,,Islamic State,2023,2015-03-26,2015-03-30,,Africa,Níger
Niger,Government of Niger,Government of Chad,IS,,Islamic State,2015,2015-03-26,2015-03-30,,Africa,Níger
Niger,Government of Niger,"Government of Chad, Government of France, Government of United States of America",IS,,Islamic State,2017,2015-03-26,2015-03-30,,Africa,Níger
Niger,Government of Niger,"Government of Burkina Faso, Government of Mali, Government of Nigeria",IS,,Islamic State,2025,2015-03-26,2015-03-30,,Africa,Níger
India,Government of India,,UNLFW,,Western South East Asia,2015,2015-04-19,2015-06-04,,Asia,Índia
India,Government of India,,UNLFW,,Western South East Asia,2018,2015-04-19,2015-06-04,2018-12-03,Asia,Índia
India,Government of India,,UNLFW,,Western South East Asia,2017,2015-04-19,2015-06-04,,Asia,Índia
India,Government of India,,UNLFW,,Western South East Asia,2016,2015-04-19,2015-06-04,,Asia,Índia
India,Government of India,,UNLFW,,Western South East Asia,2025,2015-04-19,2025-07-14,,Asia,Índia
Chad,Government of Chad,,IS,,Islamic State,2022,2015-05-27,2017-05-05,2022-11-22,Africa,Chade
Chad,Government of Chad,,IS,,Islamic State,2015,2015-05-27,2015-05-27,2015-11-01,Africa,Chade
Chad,Government of Chad,,IS,,Islamic State,2017,2015-05-27,2017-05-05,,Africa,Chade
Chad,Government of Chad,,IS,,Islamic State,2020,2015-05-27,2017-05-05,,Africa,Chade
Chad,Government of Chad,,IS,,Islamic State,2021,2015-05-27,2017-05-05,,Africa,Chade
Chad,Government of Chad,,IS,,Islamic State,2018,2015-05-27,2017-05-05,,Africa,Chade
Chad,Government of Chad,,IS,,Islamic State,2019,2015-05-27,2017-05-05,,Africa,Chade
Turkey,Government of Turkey,,IS,,Islamic State,2017,2015-07-23,2015-11-14,2017-09-06,Asia,Turquia
Turkey,Government of Turkey,,IS,,Islamic State,2016,2015-07-23,2015-11-14,,Asia,Turquia
Turkey,Government of Turkey,,IS,,Islamic State,2015,2015-07-23,2015-11-14,,Asia,Turquia
Bangladesh,Government of Bangladesh,,IS,,Islamic State,2017,2015-11-04,2016-08-29,2017-09-06,Asia,Bangladesh
Bangladesh,Government of Bangladesh,,IS,,Islamic State,2016,2015-11-04,2016-08-29,,Asia,Bangladesh
Syria,Government of Syria,,SDF,,Rojava Kurdistan,2023,2015-12-06,2023-11-06,,Asia,Síria
Syria,Government of Syria,,SDF,,Rojava Kurdistan,2016,2015-12-06,2016-04-23,2016-11-28,Asia,Síria
Syria,Government of Syria,,SDF,,Rojava Kurdistan,2018,2015-12-06,2018-09-08,2018-12-23,Asia,Síria
Syria,Government of Syria,Government of Turkey,SDF,,Rojava Kurdistan,2025,2015-12-06,2023-11-06,,Asia,Síria
Syria,Government of Syria,,SDF,,Rojava Kurdistan,2024,2015-12-06,2023-11-06,,Asia,Síria
Pakistan,Government of Pakistan,,IS,,Islamic State,2021,2016-02-12,2021-12-20,,Asia,Paquistão
Pakistan,Government of Pakistan,,IS,,Islamic State,2023,2016-02-12,2021-12-20,2023-09-29,Asia,Paquistão
Pakistan,Government of Pakistan,,IS,,Islamic State,2025,2016-02-12,2025-07-02,,Asia,Paquistão
Pakistan,Government of Pakistan,,IS,,Islamic State,2019,2016-02-12,2016-10-24,2019-10-28,Asia,Paquistão
Pakistan,Government of Pakistan,,IS,,Islamic State,2017,2016-02-12,2016-10-24,,Asia,Paquistão
Pakistan,Government of Pakistan,,IS,,Islamic State,2022,2016-02-12,2021-12-20,,Asia,Paquistão
Pakistan,Government of Pakistan,,IS,,Islamic State,2018,2016-02-12,2016-10-24,,Asia,Paquistão
Pakistan,Government of Pakistan,,IS,,Islamic State,2016,2016-02-12,2016-10-24,,Asia,Paquistão
Jordan,Government of Jordan,,IS,,Islamic State,2016,2016-03-02,2016-12-18,2016-12-29,Asia,Jordânia
Philippines,Government of Philippines,,IS,,Islamic State,2020,2016-06-01,2016-06-01,,Asia,Filipinas
Philippines,Government of Philippines,,IS,,Islamic State,2023,2016-06-01,2016-06-01,,Asia,Filipinas
Philippines,Government of Philippines,,IS,,Islamic State,2017,2016-06-01,2016-06-01,,Asia,Filipinas
Philippines,Government of Philippines,,IS,,Islamic State,2024,2016-06-01,2016-06-01,2024-10-23,Asia,Filipinas
Philippines,Government of Philippines,,IS,,Islamic State,2019,2016-06-01,2016-06-01,,Asia,Filipinas
Philippines,Government of Philippines,,IS,,Islamic State,2016,2016-06-01,2016-06-01,,Asia,Filipinas
Philippines,Government of Philippines,,IS,,Islamic State,2021,2016-06-01,2016-06-01,,Asia,Filipinas
Philippines,Government of Philippines,,IS,,Islamic State,2018,2016-06-01,2016-06-01,,Asia,Filipinas
Philippines,Government of Philippines,,IS,,Islamic State,2022,2016-06-01,2016-06-01,,Asia,Filipinas
Somalia,Government of Somalia,,Republic of Somaliland,,Somaliland,2018,2016-07-18,2018-05-15,2018-11-05,Africa,Somália
Iran,Government of Iran,,IS,,Islamic State,2017,2016-08-15,2017-06-11,2017-06-11,Asia,Irã
Mali,Government of Mali,"Government of Armenia, Government of Austria, Government of Bangladesh, Government of Belgium, Government of Benin, Government of Bhutan, Government of Bosnia-Herzegovina, Government of Burkina Faso, Government of Burundi, Government of Cambodia (Kampuchea), Government of Cameroon, Government of Canada, Government of Chad, Government of China, Government of Czech Republic, Government of Denmark, Government of Egypt, Government of El Salvador, Government of Estonia, Government of Ethiopia, Government of Finland, Government of France, Government of Gambia, Government of Germany, Government of Ghana, Government of Guatemala, Government of Guinea, Government of Hungary, Government of Indonesia, Government of Italy, Government of Ivory Coast, Government of Jordan, Government of Kenya, Government of Latvia, Government of Liberia, Government of Lithuania, Government of Madagascar, Government of Mauritania, Government of Mexico, Government of Nepal, Government of Netherlands, Government of New Zealand, Government of Niger, Government of Nigeria, Government of Norway, Government of Pakistan, Government of Portugal, Government of Romania, Government of Senegal, Government of Sierra Leone, Government of Spain, Government of Sri Lanka, Government of Sweden, Government of Switzerland, Government of Togo, Government of Tunisia, Government of Turkey, Government of United Kingdom, Government of United States of America",IS,,Islamic State,2018,2017-02-04,2017-07-09,,Africa,Mali
Mali,Government of Mali,"Government of Armenia, Government of Austria, Government of Bangladesh, Government of Belgium, Government of Benin, Government of Bhutan, Government of Bosnia-Herzegovina, Government of Burkina Faso, Government of Burundi, Government of Cambodia (Kampuchea), Government of Cameroon, Government of Canada, Government of Chad, Government of China, Government of Czech Republic, Government of Denmark, Government of Egypt, Government of El Salvador, Government of Estonia, Government of Ethiopia, Government of Finland, Government of France, Government of Gambia, Government of Germany, Government of Ghana, Government of Guatemala, Government of Guinea, Government of Indonesia, Government of Ireland, Government of Italy, Government of Ivory Coast, Government of Jordan, Government of Kenya, Government of Latvia, Government of Liberia, Government of Lithuania, Government of Madagascar, Government of Mauritania, Government of Mexico, Government of Nepal, Government of Netherlands, Government of Niger, Government of Nigeria, Government of Norway, Government of Pakistan, Government of Portugal, Government of Romania, Government of Senegal, Government of Sierra Leone, Government of Spain, Government of Sri Lanka, Government of Sweden, Government of Switzerland, Government of Togo, Government of Tunisia, Government of Turkey, Government of Ukraine, Government of United Kingdom, Government of United States of America",IS,,Islamic State,2019,2017-02-04,2017-07-09,,Africa,Mali
Mali,Government of Mali,"Government of Armenia, Government of Australia, Government of Austria, Government of Bangladesh, Government of Belgium, Government of Benin, Government of Bhutan, Government of Bosnia-Herzegovina, Government of Burkina Faso, Government of Burundi, Government of Cambodia (Kampuchea), Government of Cameroon, Government of Canada, Government of Chad, Government of China, Government of Czech Republic, Government of Denmark, Government of Egypt, Government of El Salvador, Government of Estonia, Government of Ethiopia, Government of Finland, Government of France, Government of Gambia, Government of Germany, Government of Ghana, Government of Guatemala, Government of Guinea, Government of Indonesia, Government of Iran, Government of Ireland, Government of Italy, Government of Ivory Coast, Government of Jordan, Government of Kenya, Government of Latvia, Government of Liberia, Government of Lithuania, Government of Madagascar, Government of Mauritania, Government of Mexico, Government of Nepal, Government of Netherlands, Government of Niger, Government of Nigeria, Government of Norway, Government of Pakistan, Government of Portugal, Government of Romania, Government of Senegal, Government of Sierra Leone, Government of Spain, Government of Sri Lanka, Government of Sweden, Government of Switzerland, Government of Togo, Government of Tunisia, Government of Ukraine, Government of United Kingdom, Government of United States of America, Government of Zambia",IS,,Islamic State,2020,2017-02-04,2017-07-09,,Africa,Mali
Mali,Government of Mali,"Government of Armenia, Government of Australia, Government of Austria, Government of Bangladesh, Government of Belgium, Government of Benin, Government of Bhutan, Government of Bosnia-Herzegovina, Government of Burkina Faso, Government of Burundi, Government of Cambodia (Kampuchea), Government of Cameroon, Government of Canada, Government of Chad, Government of China, Government of Czech Republic, Government of Denmark, Government of Egypt, Government of El Salvador, Government of Estonia, Government of Ethiopia, Government of Finland, Government of France, Government of Gambia, Government of Germany, Government of Ghana, Government of Guatemala, Government of Guinea, Government of Indonesia, Government of Iran, Government of Ireland, Government of Italy, Government of Ivory Coast, Government of Jordan, Government of Kenya, Government of Latvia, Government of Liberia, Government of Lithuania, Government of Luxembourg, Government of Mauritania, Government of Mexico, Government of Nepal, Government of Netherlands, Government of Niger, Government of Nigeria, Government of Norway, Government of Pakistan, Government of Portugal, Government of Romania, Government of Senegal, Government of Sierra Leone, Government of Spain, Government of Sri Lanka, Government of Sweden, Government of Switzerland, Government of Togo, Government of Tunisia, Government of Turkey, Government of Ukraine, Government of United Kingdom, Government of United States of America, Government of Zambia",IS,,Islamic State,2021,2017-02-04,2017-07-09,,Africa,Mali
Mali,Government of Mali,"Government of Australia, Government of Austria, Government of Bangladesh, Government of Belgium, Government of Benin, Government of Bhutan, Government of Burkina Faso, Government of Burundi, Government of Cambodia (Kampuchea), Government of Cameroon, Government of Canada, Government of Chad, Government of China, Government of Czech Republic, Government of Denmark, Government of Egypt, Government of El Salvador, Government of Estonia, Government of Finland, Government of France, Government of Gambia, Government of Germany, Government of Ghana, Government of Greece, Government of Guatemala, Government of Guinea, Government of Indonesia, Government of Iran, Government of Italy, Government of Ivory Coast, Government of Jordan, Government of Kenya, Government of Latvia, Government of Liberia, Government of Lithuania, Government of Luxembourg, Government of Mauritania, Government of Mexico, Government of Nepal, Government of Netherlands, Government of Niger, Government of Nigeria, Government of Norway, Government of Pakistan, Government of Portugal, Government of Romania, Government of Senegal, Government of Sierra Leone, Government of Spain, Government of Sri Lanka, Government of Sweden, Government of Switzerland, Government of Togo, Government of Tunisia, Government of Turkey, Government of United Kingdom, Government of United States of America",IS,,Islamic State,2022,2017-02-04,2017-07-09,,Africa,Mali
Mali,Government of Mali,"Government of Armenia, Government of Austria, Government of Bangladesh, Government of Belgium, Government of Benin, Government of Bhutan, Government of Bosnia-Herzegovina, Government of Burkina Faso, Government of Burundi, Government of Cambodia (Kampuchea), Government of Cameroon, Government of Chad, Government of China, Government of Czech Republic, Government of Denmark, Government of Egypt, Government of El Salvador, Government of Estonia, Government of Ethiopia, Government of Finland, Government of France, Government of Gambia, Government of Germany, Government of Ghana, Government of Guinea, Government of Guinea-Bissau, Government of Hungary, Government of Indonesia, Government of Italy, Government of Ivory Coast, Government of Jordan, Government of Kenya, Government of Latvia, Government of Liberia, Government of Lithuania, Government of Mauritania, Government of Nepal, Government of Netherlands, Government of Niger, Government of Nigeria, Government of Norway, Government of Portugal, Government of Romania, Government of Senegal, Government of Sierra Leone, Government of Sri Lanka, Government of Sweden, Government of Switzerland, Government of Togo, Government of Tunisia, Government of United Kingdom, Government of United States of America, Government of Yemen (North Yemen)",IS,,Islamic State,2017,2017-02-04,2017-07-09,,Africa,Mali
Mali,Government of Mali,"Government of Burkina Faso, Government of Niger, Government of Russia (Soviet Union)",IS,,Islamic State,2025,2017-02-04,2017-07-09,,Africa,Mali
Mali,Government of Mali,"Government of Burkina Faso, Government of Niger, Government of Russia (Soviet Union)",IS,,Islamic State,2024,2017-02-04,2017-07-09,,Africa,Mali
Mali,Government of Mali,"Government of Australia, Government of Austria, Government of Bangladesh, Government of Belgium, Government of Benin, Government of Bhutan, Government of Burkina Faso, Government of Burundi, Government of Cambodia (Kampuchea), Government of Cameroon, Government of Canada, Government of Chad, Government of China, Government of Czech Republic, Government of Denmark, Government of Egypt, Government of El Salvador, Government of Estonia, Government of Finland, Government of France, Government of Gambia, Government of Germany, Government of Ghana, Government of Guatemala, Government of Guinea, Government of Indonesia, Government of Iran, Government of Italy, Government of Ivory Coast, Government of Jordan, Government of Kenya, Government of Liberia, Government of Lithuania, Government of Luxembourg, Government of Mauritania, Government of Mexico, Government of Nepal, Government of Netherlands, Government of Niger, Government of Nigeria, Government of Norway, Government of Pakistan, Government of Portugal, Government of Romania, Government of Senegal, Government of Sierra Leone, Government of Spain, Government of Sri Lanka, Government of Switzerland, Government of Togo, Government of Tunisia, Government of Turkey, Government of United Kingdom, Government of United States of America",IS,,Islamic State,2023,2017-02-04,2017-07-09,,Africa,Mali
Cameroon,Government of Cameroon,,Ambazonia insurgents,,Ambazonia,2017,2017-09-16,2017-12-08,,Africa,Camarões
Cameroon,Government of Cameroon,,Ambazonia insurgents,,Ambazonia,2018,2017-09-16,2017-12-08,,Africa,Camarões
Cameroon,Government of Cameroon,,Ambazonia insurgents,,Ambazonia,2019,2017-09-16,2017-12-08,,Africa,Camarões
Cameroon,Government of Cameroon,,Ambazonia insurgents,,Ambazonia,2021,2017-09-16,2017-12-08,,Africa,Camarões
Cameroon,Government of Cameroon,,Ambazonia insurgents,,Ambazonia,2020,2017-09-16,2017-12-08,,Africa,Camarões
Cameroon,Government of Cameroon,,Ambazonia insurgents,,Ambazonia,2023,2017-09-16,2017-12-08,,Africa,Camarões
Cameroon,Government of Cameroon,,Ambazonia insurgents,,Ambazonia,2024,2017-09-16,2017-12-08,,Africa,Camarões
Cameroon,Government of Cameroon,,Ambazonia insurgents,,Ambazonia,2025,2017-09-16,2017-12-08,,Africa,Camarões
Cameroon,Government of Cameroon,,Ambazonia insurgents,,Ambazonia,2022,2017-09-16,2017-12-08,,Africa,Camarões
Burkina Faso,Government of Burkina Faso,Government of France,IS,,Islamic State,2019,2017-10-23,2019-08-19,,Africa,Burkina Faso
Burkina Faso,Government of Burkina Faso,"Government of Chad, Government of France, Government of Mali, Government of Niger",IS,,Islamic State,2021,2017-10-23,2019-08-19,,Africa,Burkina Faso
Burkina Faso,Government of Burkina Faso,,IS,,Islamic State,2023,2017-10-23,2019-08-19,,Africa,Burkina Faso
Burkina Faso,Government of Burkina Faso,Government of Niger,IS,,Islamic State,2024,2017-10-23,2019-08-19,,Africa,Burkina Faso
Burkina Faso,Government of Burkina Faso,"Government of Mali, Government of Niger",IS,,Islamic State,2025,2017-10-23,2019-08-19,,Africa,Burkina Faso
Burkina Faso,Government of Burkina Faso,Government of France,IS,,Islamic State,2020,2017-10-23,2019-08-19,,Africa,Burkina Faso
Burkina Faso,Government of Burkina Faso,"Government of France, Government of Niger",IS,,Islamic State,2022,2017-10-23,2019-08-19,,Africa,Burkina Faso
