date,symbol,open,high,low,close,volume
2014-01-02,LMT,147.05,147.79,145.84,146.07,1115858
2014-01-03,LMT,146.5,147.33,146.475,147.06,843422
2014-01-06,LMT,147.3,148.0899,146.1,146.28,1134990
2014-01-07,LMT,149.0,149.3,147.5,148.61,1684141
2014-01-08,LMT,148.39,149.104,147.7101,148.5,1222706
2014-01-09,LMT,149.0,150.43,148.54,148.73,1646605
2014-01-10,LMT,148.99,149.685,147.55,149.45,1246130
2014-01-13,LMT,153.7,154.35,150.51,150.92,3449023
2014-01-14,LMT,151.13,151.925,149.19,151.42,2575853
2014-01-15,LMT,151.42,154.34,151.1,153.5,2294769
2014-01-16,LMT,153.0,153.52,152.62,153.49,1378682
2014-01-17,LMT,153.73,153.99,153.01,153.82,2016527
2014-01-21,LMT,154.0,156.544,153.79,154.1,2274649
2014-01-22,LMT,155.0,157.05,154.26,156.65,2659852
2014-01-23,LMT,157.11,158.43,150.3,150.49,3945489
2014-01-24,LMT,151.33,151.33,146.68,147.76,3498728
2014-01-27,LMT,148.12,149.09,145.12,147.02,2852226
2014-01-28,LMT,147.01,148.82,146.8,148.28,2676033
2014-01-29,LMT,147.14,148.24,146.503,147.35,2500983
2014-01-30,LMT,148.59,150.29,147.67,148.66,1931654
2014-01-31,LMT,147.07,151.99,145.935,150.91,2619931
2014-02-03,LMT,150.54,152.0,147.42,147.74,2307236
2014-02-04,LMT,147.79,148.97,144.69,148.18,2204957
2014-02-05,LMT,147.74,151.97,147.43,150.39,2728126
2014-02-06,LMT,149.73,152.64,149.5,151.74,2073849
2014-02-07,LMT,151.9,155.7,151.06,155.13,2079509
2014-02-10,LMT,154.75,155.406,153.515,153.98,2375022
2014-02-11,LMT,154.57,158.32,154.18,157.56,2242159
2014-02-12,LMT,158.71,159.45,157.97,158.92,1851275
2014-02-13,LMT,157.66,160.76,156.54,159.8,2461603
2014-02-14,LMT,159.8,163.24,159.31,162.89,2557286
2014-02-18,LMT,161.53,163.95,161.53,162.7,1985338
2014-02-19,LMT,162.6,164.71,162.01,162.65,1762394
2014-02-20,LMT,163.0,165.89,162.92,164.27,2113230
2014-02-21,LMT,165.0,165.44,163.37,164.33,2378114
2014-02-24,LMT,165.62,168.41,164.804,166.14,2534374
2014-02-25,LMT,166.58,167.43,163.1,163.61,2283970
2014-02-26,LMT,163.3,164.4129,160.81,160.83,2691196
2014-02-27,LMT,160.4,161.67,159.512,161.44,3075573
2014-02-28,LMT,161.15,163.31,161.15,162.3,2232736
2014-03-03,LMT,160.82,164.21,160.52,163.55,1708976
2014-03-04,LMT,164.29,166.17,164.29,165.64,1748260
2014-03-05,LMT,166.23,167.43,165.5,166.82,1889246
2014-03-06,LMT,166.85,167.48,166.4,166.84,1378314
2014-03-07,LMT,167.5,167.87,165.9725,166.57,1403507
2014-03-10,LMT,165.69,166.7,165.11,165.48,1377123
2014-03-11,LMT,165.37,165.7,163.72,163.8,1738241
2014-03-12,LMT,163.47,163.999,162.0,163.86,1503075
2014-03-13,LMT,164.53,165.11,162.325,162.83,1404574
2014-03-14,LMT,162.54,164.6,162.15,162.42,1394290
2014-03-17,LMT,163.44,164.65,163.08,164.07,1466315
2014-03-18,LMT,164.85,165.09,163.85,163.98,1655799
2014-03-19,LMT,164.37,164.575,160.011,160.9,2068176
2014-03-20,LMT,161.12,162.4696,159.37,159.93,3228486
2014-03-21,LMT,161.0,161.37,157.4,157.4,4248004
2014-03-24,LMT,158.53,159.37,157.01,158.19,1997404
2014-03-25,LMT,158.75,161.13,158.58,160.57,2099691
2014-03-26,LMT,160.84,162.09,159.62,159.64,1299782
2014-03-27,LMT,159.29,159.95,158.02,158.88,1858871
2014-03-28,LMT,159.53,161.37,159.24,160.54,1191808
2014-03-31,LMT,162.25,163.55,161.6,163.24,1458711
2014-04-01,LMT,163.52,164.13,162.53,163.71,982497
2014-04-02,LMT,164.0,164.77,162.6819,164.7,1050349
2014-04-03,LMT,165.0,165.13,163.7,163.75,1254888
2014-04-04,LMT,164.95,164.95,159.4228,159.61,1622749
2014-04-07,LMT,159.38,160.6107,157.48,157.74,1315456
2014-04-08,LMT,157.57,157.8,154.75,156.65,1784524
2014-04-09,LMT,158.03,159.95,156.92,158.83,1124311
2014-04-10,LMT,159.08,159.654,155.3104,155.43,1501443
2014-04-11,LMT,154.97,155.39,153.54,153.82,2025662
2014-04-14,LMT,155.0,157.16,154.29,155.82,1356072
2014-04-15,LMT,155.55,157.59,154.21,157.39,1160501
2014-04-16,LMT,158.44,159.47,156.87,159.44,1167933
2014-04-17,LMT,158.25,160.49,158.25,160.25,1544935
2014-04-21,LMT,163.24,163.24,160.36,161.49,1305772
2014-04-22,LMT,164.68,164.71,156.2,156.69,2674864
2014-04-23,LMT,156.81,162.43,155.82,161.98,2862510
2014-04-24,LMT,162.43,162.59,159.6,160.62,1398406
2014-04-25,LMT,160.22,161.49,158.69,161.09,1803359
2014-04-28,LMT,161.33,162.27,159.8,161.37,1352718
2014-04-29,LMT,161.3,162.53,160.91,161.99,1225902
2014-04-30,LMT,162.02,164.38,161.35,164.14,1615759
2014-05-01,LMT,163.72,164.84,162.32,162.85,1302015
2014-05-02,LMT,163.0,164.111,162.7,163.9,1133094
2014-05-05,LMT,163.5,165.37,162.79,165.12,945542
2014-05-06,LMT,164.66,165.3,163.19,163.49,1026587
2014-05-07,LMT,164.0,164.47,162.5733,164.2,1173308
2014-05-08,LMT,164.18,165.35,163.64,164.39,1024706
2014-05-09,LMT,164.15,165.2,163.38,165.18,837859
2014-05-12,LMT,165.5,167.17,165.3,166.92,1051877
2014-05-13,LMT,166.92,167.98,166.33,167.64,968449
2014-05-14,LMT,167.99,168.0,164.85,165.26,1165820
2014-05-15,LMT,164.82,165.415,162.77,163.54,1061274
2014-05-16,LMT,163.69,164.29,162.01,162.1,1739167
2014-05-19,LMT,162.15,163.24,161.7,162.3,1460232
2014-05-20,LMT,162.49,162.5,159.89,160.57,909795
2014-05-21,LMT,161.16,162.08,160.85,161.89,859476
2014-05-22,LMT,162.07,162.379,161.255,161.82,823192
2014-05-23,LMT,162.67,163.2399,161.9,162.64,1663351
2014-05-27,LMT,163.13,163.2299,162.005,162.95,1294573
2014-05-28,LMT,163.43,164.6,161.87,162.1,1831510
2014-05-29,LMT,161.12,163.39,160.58,163.15,1489150
2014-05-30,LMT,162.73,163.96,162.29,163.65,2122918
2014-06-02,LMT,163.88,164.41,162.63,164.11,1013258
2014-06-03,LMT,164.11,164.48,163.19,163.89,850867
2014-06-04,LMT,163.49,164.72,162.99,164.52,871290
2014-06-05,LMT,164.53,166.51,164.53,166.33,996066
2014-06-06,LMT,166.53,167.23,166.35,167.17,890976
2014-06-09,LMT,166.21,168.87,165.7,168.08,1351013
2014-06-10,LMT,167.99,168.07,166.28,167.34,1002712
2014-06-11,LMT,166.52,166.94,164.025,164.53,1298039
2014-06-12,LMT,164.3,164.76,162.18,162.64,857255
2014-06-13,LMT,162.96,164.59,162.655,164.04,750209
2014-06-16,LMT,163.86,165.63,163.53,165.14,897600
2014-06-17,LMT,165.0,165.64,163.55,164.24,858077
2014-06-18,LMT,164.13,164.22,162.05,163.79,1028241
2014-06-19,LMT,164.01,165.62,163.3,164.2,1045848
2014-06-20,LMT,163.75,165.7,163.75,165.4,1862926
2014-06-23,LMT,165.27,165.81,163.315,163.95,829507
2014-06-24,LMT,163.28,164.5,162.46,162.51,812472
2014-06-25,LMT,162.65,162.91,161.44,162.45,988351
2014-06-26,LMT,162.81,162.81,160.51,162.05,988446
2014-06-27,LMT,162.28,162.93,161.86,162.7,1102222
2014-06-30,LMT,162.76,162.83,160.36,160.73,1234530
2014-07-01,LMT,160.04,161.77,158.59,160.64,1358243
2014-07-02,LMT,160.77,160.88,158.2034,158.98,1309801
2014-07-03,LMT,159.8,160.38,159.11,159.9,687190
2014-07-07,LMT,159.25,159.71,157.71,158.3,1167639
2014-07-08,LMT,158.44,158.44,156.9555,157.21,970969
2014-07-09,LMT,158.12,158.73,157.43,157.93,827466
2014-07-10,LMT,156.23,159.04,156.23,158.18,815689
2014-07-11,LMT,158.13,160.62,157.93,160.31,1073587
2014-07-14,LMT,160.78,161.98,160.5,161.81,1045176
2014-07-15,LMT,161.73,163.485,161.47,162.62,1313917
2014-07-16,LMT,163.08,163.46,161.15,161.55,947811
2014-07-17,LMT,161.11,163.2,160.56,161.33,1190893
2014-07-18,LMT,161.82,162.54,161.06,162.49,1074835
2014-07-21,LMT,162.0,163.67,161.19,162.98,1201477
2014-07-22,LMT,164.5,168.18,164.39,167.87,2174579
2014-07-23,LMT,167.76,169.21,167.22,168.1,1808521
2014-07-24,LMT,168.53,170.12,167.82,169.97,1617585
2014-07-25,LMT,169.33,170.69,169.19,170.04,2112251
2014-07-28,LMT,169.99,170.57,168.3,170.0,1989631
2014-07-29,LMT,170.5,170.66,169.235,169.33,1063434
2014-07-30,LMT,170.24,171.36,168.84,170.18,1077748
2014-07-31,LMT,169.08,169.24,166.97,166.97,1935997
2014-08-01,LMT,166.72,168.77,166.19,167.12,1535923
2014-08-04,LMT,167.56,168.5799,167.03,168.29,1196373
2014-08-05,LMT,167.79,169.16,166.56,166.93,1218909
2014-08-06,LMT,166.08,166.08,162.711,163.05,1885235
2014-08-07,LMT,164.28,164.62,162.5201,162.95,1087119
2014-08-08,LMT,163.11,166.19,163.1,165.8,1196123
2014-08-11,LMT,166.86,166.93,166.0,166.15,801750
2014-08-12,LMT,166.15,167.15,165.26,165.78,779533
2014-08-13,LMT,166.15,169.4,166.15,169.09,1079062
2014-08-14,LMT,169.34,170.21,168.86,169.5,1030029
2014-08-15,LMT,169.91,170.5,167.94,169.16,1062433
2014-08-18,LMT,170.2,172.1,170.04,171.52,766472
2014-08-19,LMT,172.02,172.4,171.29,172.13,841052
2014-08-20,LMT,172.15,175.47,172.13,175.31,1353129
2014-08-21,LMT,174.92,175.49,174.184,175.1,1089330
2014-08-22,LMT,174.71,176.13,174.36,175.15,801404
2014-08-25,LMT,175.75,177.07,175.43,176.53,866414
2014-08-26,LMT,176.97,177.01,176.04,176.61,1037021
2014-08-27,LMT,176.99,177.19,176.0,176.52,1115227
2014-08-28,LMT,174.67,175.05,173.74,174.1,1455774
2014-08-29,LMT,174.76,175.09,173.75,174.0,1532041
2014-09-02,LMT,175.14,175.31,173.07,173.8,1547713
2014-09-03,LMT,174.94,175.64,173.2101,173.5,1454801
2014-09-04,LMT,173.99,174.49,172.7571,173.04,1109122
2014-09-05,LMT,173.17,174.65,172.37,174.58,983572
2014-09-08,LMT,174.52,175.57,174.36,174.77,928152
2014-09-09,LMT,175.6,176.35,174.84,174.94,1418370
2014-09-10,LMT,174.96,175.03,173.72,174.59,2210569
2014-09-11,LMT,174.38,174.77,173.58,174.2,1299213
2014-09-12,LMT,174.17,174.99,173.71,174.43,759383
2014-09-15,LMT,174.42,175.78,173.9181,175.6,678526
2014-09-16,LMT,175.13,177.935,175.02,177.19,1187091
2014-09-17,LMT,177.78,179.65,177.45,178.8,1152637
2014-09-18,LMT,179.37,179.72,178.3,179.57,1040525
2014-09-19,LMT,180.49,181.22,180.22,180.74,1896684
2014-09-22,LMT,179.72,180.76,178.76,178.99,1097393
2014-09-23,LMT,178.53,178.98,175.92,176.34,1451121
2014-09-24,LMT,176.28,178.5,176.28,178.39,959395
2014-09-25,LMT,178.1,178.74,176.26,177.44,1739089
2014-09-26,LMT,177.54,182.27,177.54,181.58,1880819
2014-09-29,LMT,181.8,182.79,180.11,181.36,1582582
2014-09-30,LMT,182.6,184.09,182.13,182.78,1981557
2014-10-01,LMT,181.15,181.15,177.0801,177.89,1901420
2014-10-02,LMT,177.66,178.3,175.79,176.35,1469110
2014-10-03,LMT,177.67,179.34,176.92,178.34,2463719
2014-10-06,LMT,179.62,179.7,176.67,176.92,1486304
2014-10-07,LMT,176.4,176.56,173.0,173.02,1183730
2014-10-08,LMT,173.27,176.55,171.833,176.35,1677604
2014-10-09,LMT,176.32,176.56,173.55,174.55,1581640
2014-10-10,LMT,174.68,176.7786,173.7,174.47,1668759
2014-10-13,LMT,173.97,176.445,172.78,172.88,1475635
2014-10-14,LMT,173.55,177.75,173.14,176.11,1585342
2014-10-15,LMT,174.01,176.02,170.26,175.19,2181144
2014-10-16,LMT,173.23,176.73,172.45,174.72,1972836
2014-10-17,LMT,176.84,177.89,175.86,176.24,2360081
2014-10-20,LMT,175.93,176.37,173.93,175.53,2055612
2014-10-21,LMT,170.15,173.85,166.28,172.61,4106894
2014-10-22,LMT,171.0,177.84,170.71,176.01,3805733
2014-10-23,LMT,177.09,181.63,177.09,180.67,2442867
2014-10-24,LMT,181.67,181.76,179.42,181.33,1550786
2014-10-27,LMT,181.69,183.1,180.7,183.0,1072440
2014-10-28,LMT,184.1,185.55,182.681,185.55,1809175
2014-10-29,LMT,192.19,192.34,188.28,189.73,1743812
2014-10-30,LMT,186.93,187.82,186.35,186.87,789298
2014-10-31,LMT,191.4,191.922,189.66,190.57,1700082
2014-11-03,LMT,191.3,191.93,188.63,190.75,1146009
2014-11-04,LMT,190.84,192.94,190.29,190.79,1668316
2014-11-05,LMT,192.19,192.34,188.28,189.73,1743822
2014-11-06,LMT,190.0,190.47,189.08,189.88,995063
2014-11-07,LMT,189.38,189.41,184.91,186.15,2569425
2014-11-10,LMT,186.46,187.255,185.76,186.99,1296164
2014-11-11,LMT,187.0,188.44,186.74,187.12,881387
2014-11-12,LMT,186.93,187.82,186.35,186.87,789348
2014-11-13,LMT,187.18,189.05,186.925,187.97,990612
2014-11-14,LMT,187.99,188.0,185.91,186.6,1665674
2014-11-17,LMT,186.69,187.18,185.36,185.51,1160875
2014-11-18,LMT,185.28,187.24,184.5,186.56,1775200
2014-11-19,LMT,186.07,186.76,185.41,186.0,1167485
2014-11-20,LMT,185.65,185.98,184.393,185.56,1021607
2014-11-21,LMT,187.96,188.28,187.18,187.93,1328213
2014-11-24,LMT,188.28,189.255,188.0006,188.82,1126986
2014-11-25,LMT,188.82,190.04,188.55,188.67,1808128
2014-11-26,LMT,187.5,189.55,187.13,189.15,1320566
2014-11-28,LMT,189.62,192.5828,189.0,191.56,940923
2014-12-01,LMT,190.93,191.88,190.02,191.1,1538325
2014-12-02,LMT,190.67,191.57,189.32,190.11,1659903
2014-12-03,LMT,190.2,190.6699,189.65,189.68,1390401
2014-12-04,LMT,189.98,190.25,188.47,189.73,922481
2014-12-05,LMT,189.07,190.18,188.47,189.87,1204355
2014-12-08,LMT,190.0,190.605,188.77,189.85,1676528
2014-12-09,LMT,188.31,190.75,188.13,190.62,1140900
2014-12-10,LMT,189.75,190.7025,187.56,187.91,1246312
2014-12-11,LMT,188.76,190.4,188.04,189.25,1170567
2014-12-12,LMT,187.28,188.0375,184.78,185.18,1204771
2014-12-15,LMT,185.59,187.26,183.06,184.21,1311126
2014-12-16,LMT,184.0,188.43,183.99,185.39,1228577
2014-12-17,LMT,185.39,185.93,182.405,185.15,1482562
2014-12-18,LMT,187.55,191.72,186.04,191.64,1670454
2014-12-19,LMT,191.55,194.24,191.01,192.85,2609142
2014-12-22,LMT,193.4,196.96,193.4,196.45,1110052
2014-12-23,LMT,198.5,198.72,195.75,195.77,986538
2014-12-24,LMT,195.97,197.91,195.79,196.43,403319
2014-12-26,LMT,196.71,197.81,196.5801,196.84,547404
2014-12-29,LMT,196.93,196.93,194.71,195.64,611276
2014-12-30,LMT,195.24,196.41,195.0,195.43,523556
2014-12-31,LMT,194.91,195.97,192.52,192.57,713310
2015-01-02,LMT,192.1,194.48,191.04,193.31,902755
2015-01-05,LMT,192.9,194.5,188.6,189.29,1506476
2015-01-06,LMT,189.62,190.99,186.8,188.4,1206318
2015-01-07,LMT,189.32,191.02,189.22,190.83,942037
2015-01-08,LMT,190.9,196.88,190.9,195.13,1952999
2015-01-09,LMT,195.09,197.07,194.82,195.02,1439524
2015-01-12,LMT,195.51,196.23,193.7069,194.47,896874
2015-01-13,LMT,196.14,198.4399,192.68,194.35,1094981
2015-01-14,LMT,194.15,194.24,191.63,193.23,1101279
2015-01-15,LMT,194.16,194.73,191.85,192.37,897276
2015-01-16,LMT,191.88,194.77,191.88,194.71,1085573
2015-01-20,LMT,196.63,196.99,193.01,195.75,858244
2015-01-21,LMT,195.0,196.75,194.11,195.5,966793
2015-01-22,LMT,197.0,198.56,195.28,198.09,1307908
2015-01-23,LMT,197.99,198.88,196.95,197.44,1313920
2015-01-26,LMT,196.25,196.92,193.03,195.68,1339423
2015-01-27,LMT,193.0,193.485,190.32,190.55,1943283
2015-01-28,LMT,191.84,194.8,189.0,189.25,1570436
2015-01-29,LMT,189.26,192.53,187.1,192.5,2017001
2015-01-30,LMT,189.77,190.9599,188.28,188.37,2288812
2015-02-02,LMT,188.41,189.76,186.01,189.33,1554005
2015-02-03,LMT,190.38,192.3,189.59,192.0,1618183
2015-02-04,LMT,191.34,193.53,190.62,192.28,1230868
2015-02-05,LMT,193.08,194.47,191.58,194.06,1063892
2015-02-06,LMT,194.29,196.95,192.9,195.24,1127096
2015-02-09,LMT,194.35,194.99,192.703,193.02,1208275
2015-02-10,LMT,195.1,195.98,193.88,195.67,1280714
2015-02-11,LMT,195.17,197.18,195.0,196.31,1439827
2015-02-12,LMT,196.71,198.23,196.39,197.48,1217908
2015-02-13,LMT,197.29,198.39,196.19,196.95,1253937
2015-02-17,LMT,196.53,198.3,195.77,197.57,1023492
2015-02-18,LMT,197.57,198.58,196.95,198.57,902483
2015-02-19,LMT,198.56,201.74,197.97,201.71,1776085
2015-02-20,LMT,200.86,204.0,200.28,203.99,1302351
2015-02-23,LMT,204.0,205.66,203.2,205.59,1440937
2015-02-24,LMT,205.51,206.93,204.82,206.62,1168595
2015-02-25,LMT,207.05,207.06,204.5,204.86,2759828
2015-02-26,LMT,203.25,203.84,200.53,201.33,1349700
2015-02-27,LMT,201.0,201.94,200.0,200.05,1311416
2015-03-02,LMT,200.67,203.13,200.288,203.02,1037428
2015-03-03,LMT,202.45,202.45,199.43,199.93,1312140
2015-03-04,LMT,199.7,200.08,198.78,198.97,851444
2015-03-05,LMT,199.37,200.03,198.75,199.1,872333
2015-03-06,LMT,198.38,198.64,196.71,197.66,1221043
2015-03-09,LMT,197.42,200.49,197.21,199.74,887636
2015-03-10,LMT,198.41,198.98,197.31,197.58,1087980
2015-03-11,LMT,197.94,198.405,196.91,197.21,952960
2015-03-12,LMT,197.54,198.95,197.54,198.78,1047883
2015-03-13,LMT,197.97,199.01,195.601,197.11,1155424
2015-03-16,LMT,198.22,202.3,198.1,202.11,1198049
2015-03-17,LMT,201.48,202.0,200.03,200.67,936551
2015-03-18,LMT,200.77,203.49,198.355,202.6,873573
2015-03-19,LMT,202.5,203.36,201.04,202.19,1178037
2015-03-20,LMT,203.05,204.04,201.67,203.77,3938121
2015-03-23,LMT,203.33,204.59,202.92,202.92,1028052
2015-03-24,LMT,202.34,204.365,200.9483,203.3,1250876
2015-03-25,LMT,203.34,204.0,199.0,199.02,1338189
2015-03-26,LMT,197.57,201.12,196.26,200.56,1499749
2015-03-27,LMT,200.56,202.87,200.24,202.23,1256654
2015-03-30,LMT,203.5,206.19,203.0,204.89,1048964
2015-03-31,LMT,203.46,205.165,202.96,202.96,1262539
2015-04-01,LMT,202.1,202.47,197.43,198.76,1897154
2015-04-02,LMT,199.37,199.56,197.67,198.72,1387642
2015-04-06,LMT,199.33,201.1192,197.85,200.53,1366317
2015-04-07,LMT,201.0,202.55,199.9,200.15,1084827
2015-04-08,LMT,200.45,201.89,199.6258,200.81,944803
2015-04-09,LMT,200.52,201.91,200.29,201.44,828374
2015-04-10,LMT,201.37,202.19,200.28,200.4,1278988
2015-04-13,LMT,200.03,201.1299,196.82,197.05,2130365
2015-04-14,LMT,196.89,197.77,196.35,197.34,1586886
2015-04-15,LMT,198.27,199.46,197.04,197.21,1154309
2015-04-16,LMT,196.58,198.04,195.67,197.12,1065342
2015-04-17,LMT,195.8,196.44,193.94,194.82,1230786
2015-04-20,LMT,195.28,197.65,195.0,196.8,1276939
2015-04-21,LMT,198.05,198.34,195.105,196.29,1421126
2015-04-22,LMT,196.7,198.09,195.211,197.63,1127369
2015-04-23,LMT,197.49,198.93,196.05,197.2,1178730
2015-04-24,LMT,197.01,197.24,195.0,195.37,1307363
2015-04-27,LMT,195.64,196.58,193.53,193.84,1378395
2015-04-28,LMT,193.75,194.2725,191.5848,194.02,1095622
2015-04-29,LMT,193.38,194.07,190.93,191.29,1427160
2015-04-30,LMT,190.97,191.46,185.65,186.6,2257228
2015-05-01,LMT,186.8,189.15,186.8,189.0,1196001
2015-05-04,LMT,189.2,190.85,189.15,189.69,912656
2015-05-05,LMT,189.25,189.9,187.11,187.35,993636
2015-05-06,LMT,188.51,189.07,185.91,186.83,1192862
2015-05-07,LMT,186.65,188.95,186.34,188.21,1040858
2015-05-08,LMT,189.96,191.035,189.48,190.48,950627
2015-05-11,LMT,189.81,191.18,189.54,190.47,832022
2015-05-12,LMT,189.22,191.31,188.55,190.61,941811
2015-05-13,LMT,190.97,191.99,190.81,191.0,980927
2015-05-14,LMT,191.62,193.345,191.465,193.05,1004512
2015-05-15,LMT,193.03,193.8099,192.1,192.36,1356467
2015-05-18,LMT,192.45,193.6301,192.36,193.08,822104
2015-05-19,LMT,193.02,194.31,192.91,193.38,772271
2015-05-20,LMT,193.9,193.9,192.4604,193.25,826517
2015-05-21,LMT,193.57,193.94,192.52,193.11,769670
2015-05-22,LMT,193.26,193.36,192.16,192.86,995635
2015-05-26,LMT,192.68,192.68,190.14,190.51,1380511
2015-05-27,LMT,190.45,191.59,190.04,191.35,1196082
2015-05-28,LMT,189.41,190.76,188.93,190.12,1468947
2015-05-29,LMT,189.93,190.1,187.62,188.2,1517426
2015-06-01,LMT,189.48,192.2499,188.37,191.07,2003827
2015-06-02,LMT,190.61,191.29,188.8,190.77,1469155
2015-06-03,LMT,191.42,192.3299,190.79,191.89,1340274
2015-06-04,LMT,190.76,192.29,189.99,190.17,1853956
2015-06-05,LMT,189.41,189.77,188.43,189.33,1389183
2015-06-08,LMT,189.34,190.83,189.06,189.37,964763
2015-06-09,LMT,190.43,190.54,189.3,189.35,1041153
2015-06-10,LMT,189.35,190.65,188.84,189.28,1729345
2015-06-11,LMT,189.42,191.54,189.42,191.48,1333103
2015-06-12,LMT,190.59,191.53,190.22,190.98,1110108
2015-06-15,LMT,190.0,190.58,189.01,189.92,710641
2015-06-16,LMT,189.26,191.14,188.8901,190.82,853823
2015-06-17,LMT,191.36,191.78,189.72,191.02,862134
2015-06-18,LMT,191.5,194.49,191.385,192.75,1159733
2015-06-19,LMT,192.69,192.69,190.99,191.14,1234928
2015-06-22,LMT,191.95,192.98,191.66,192.08,716879
2015-06-23,LMT,192.43,192.95,190.88,191.64,573046
2015-06-24,LMT,191.22,191.79,190.12,190.17,857638
2015-06-25,LMT,190.5,191.17,189.68,189.99,884938
2015-06-26,LMT,190.53,190.56,188.51,188.64,1876298
2015-06-29,LMT,187.59,188.52,185.41,185.52,1202615
2015-06-30,LMT,187.17,187.79,185.33,185.9,1275262
2015-07-01,LMT,186.01,188.29,186.01,188.17,950075
2015-07-02,LMT,188.71,188.79,186.7632,187.3,1024465
2015-07-06,LMT,186.73,188.48,186.42,187.99,902600
2015-07-07,LMT,188.57,190.28,187.54,190.16,1328545
2015-07-08,LMT,188.51,191.3299,188.29,190.05,1528244
2015-07-09,LMT,191.76,193.12,191.21,192.13,1442158
2015-07-10,LMT,193.99,197.0,192.87,194.19,1638850
2015-07-13,LMT,196.0,198.3908,195.61,197.88,1197212
2015-07-14,LMT,198.9,199.82,198.36,199.05,1059184
2015-07-15,LMT,199.19,199.64,198.06,199.41,972152
2015-07-16,LMT,199.8,201.81,199.6,201.62,976176
2015-07-17,LMT,200.93,201.66,200.4,201.18,997953
2015-07-20,LMT,202.31,205.39,201.03,205.13,2051965
2015-07-21,LMT,204.44,204.76,202.85,203.15,1766978
2015-07-22,LMT,203.33,204.44,202.0,202.79,1124876
2015-07-23,LMT,202.81,204.96,202.64,202.83,1175219
2015-07-24,LMT,202.8,202.944,200.68,201.04,1125000
2015-07-27,LMT,200.36,201.76,199.38,201.17,997872
2015-07-28,LMT,202.42,204.72,201.28,203.63,1125298
2015-07-29,LMT,204.77,210.41,204.31,208.15,2491048
2015-07-30,LMT,207.22,208.5,205.95,206.47,1554849
2015-07-31,LMT,207.61,208.51,206.53,207.1,1116804
2015-08-03,LMT,207.27,207.99,206.062,207.79,1064667
2015-08-04,LMT,208.51,209.79,207.25,209.53,1066471
2015-08-05,LMT,210.02,210.75,209.07,209.43,1210939
2015-08-06,LMT,209.73,209.94,208.1633,209.26,1148345
2015-08-07,LMT,209.0,209.39,207.22,209.09,997613
2015-08-10,LMT,210.04,211.57,209.34,210.78,978459
2015-08-11,LMT,209.05,209.76,207.9,208.86,985751
2015-08-12,LMT,207.54,209.32,206.75,208.78,932151
2015-08-13,LMT,208.73,210.71,208.69,209.79,1091175
2015-08-14,LMT,209.75,212.08,209.33,211.96,916141
2015-08-17,LMT,210.88,213.12,210.77,213.02,776428
2015-08-18,LMT,212.36,213.34,212.1401,212.67,774992
2015-08-19,LMT,211.96,212.91,210.67,211.28,1303749
2015-08-20,LMT,210.98,211.5,209.13,209.13,1406359
2015-08-21,LMT,208.56,208.84,204.57,204.68,2038453
2015-08-24,LMT,190.01,203.27,181.91,197.46,3308679
2015-08-25,LMT,205.5,205.51,198.55,198.98,2100552
2015-08-26,LMT,203.23,203.23,196.85,202.12,2933824
2015-08-27,LMT,203.92,206.94,202.91,205.43,1688076
2015-08-28,LMT,203.63,204.475,201.38,203.9,1391216
2015-08-31,LMT,203.21,203.24,201.08,201.18,1086765
2015-09-01,LMT,197.87,199.59,197.016,197.62,1674521
2015-09-02,LMT,199.69,204.115,199.28,204.04,1490607
2015-09-03,LMT,204.69,206.46,204.3201,205.2,1350948
2015-09-04,LMT,203.54,204.34,201.41,202.62,1213571
2015-09-08,LMT,204.18,207.29,204.0,207.01,1320745
2015-09-09,LMT,209.0,209.24,204.52,204.66,1110283
2015-09-10,LMT,203.71,207.29,203.71,206.15,1370160
2015-09-11,LMT,205.81,206.96,205.33,206.81,1085923
2015-09-14,LMT,207.03,207.03,205.56,206.0,1034319
2015-09-15,LMT,206.38,208.54,205.51,207.84,1253748
2015-09-16,LMT,207.64,208.19,206.33,207.56,927827
2015-09-17,LMT,207.85,210.53,207.13,207.6,958851
2015-09-18,LMT,206.0,206.0325,202.65,203.31,3010557
2015-09-21,LMT,204.35,205.79,203.185,204.35,964886
2015-09-22,LMT,202.46,203.97,201.5,203.66,1119469
2015-09-23,LMT,204.13,204.99,201.71,202.77,601166
2015-09-24,LMT,201.5,205.89,199.56,204.76,1667578
2015-09-25,LMT,206.74,206.78,203.0,203.89,1413962
2015-09-28,LMT,202.55,204.44,200.0,200.22,1315374
2015-09-29,LMT,200.0,202.9199,199.01,202.47,1226718
2015-09-30,LMT,204.34,207.71,204.23,207.31,1721813
2015-10-01,LMT,206.31,207.34,202.815,204.75,1889689
2015-10-02,LMT,202.01,206.61,201.81,206.61,1154771
2015-10-05,LMT,208.3,211.86,207.7037,211.73,1347588
2015-10-06,LMT,211.7,212.65,210.27,210.4,1625662
2015-10-07,LMT,211.79,214.02,211.038,212.95,1127110
2015-10-08,LMT,212.28,214.659,211.34,214.37,782818
2015-10-09,LMT,214.44,216.27,213.22,213.26,1339964
2015-10-12,LMT,213.61,214.63,212.76,214.33,1048086
2015-10-13,LMT,213.22,214.36,211.94,211.98,1026158
2015-10-14,LMT,212.05,212.59,207.99,208.15,1192894
2015-10-15,LMT,209.23,211.7,207.51,209.18,1497619
2015-10-16,LMT,210.4,211.0,208.69,209.78,1145664
2015-10-19,LMT,209.24,210.7325,208.5,210.64,1329875
2015-10-20,LMT,207.38,209.545,205.14,208.73,1926488
2015-10-21,LMT,209.76,213.155,208.74,211.56,1334024
2015-10-22,LMT,212.22,216.99,212.22,216.51,1190158
2015-10-23,LMT,218.0,219.42,217.23,219.32,1280865
2015-10-26,LMT,219.32,221.35,218.89,220.94,1383815
2015-10-27,LMT,219.97,225.15,219.81,223.04,1399861
2015-10-28,LMT,222.25,224.44,218.36,221.04,1973558
2015-10-29,LMT,221.0,222.69,217.77,218.25,1795865
2015-10-30,LMT,219.0,220.69,218.3256,219.83,1774826
2015-11-02,LMT,219.89,221.0,218.91,220.59,1160716
2015-11-03,LMT,220.0,220.46,218.34,218.9,1046425
2015-11-04,LMT,219.71,220.352,218.51,218.83,933118
2015-11-05,LMT,219.17,220.59,218.01,218.6,911612
2015-11-06,LMT,218.0,218.4899,215.04,216.63,1456262
2015-11-09,LMT,215.77,216.3675,214.0601,214.7,1657342
2015-11-10,LMT,214.37,215.736,212.63,214.07,1166067
2015-11-11,LMT,214.37,216.525,214.26,215.11,1197848
2015-11-12,LMT,214.5,215.06,212.66,213.58,1292233
2015-11-13,LMT,213.5,214.82,211.78,213.16,1059103
2015-11-16,LMT,214.31,220.84,214.08,220.67,1516186
2015-11-17,LMT,222.07,225.25,220.81,222.39,2082154
2015-11-18,LMT,222.54,223.37,220.72,223.22,1185393
2015-11-19,LMT,224.48,225.468,223.5,224.0,1411411
2015-11-20,LMT,225.45,226.98,224.96,226.06,1321151
2015-11-23,LMT,226.5,227.68,225.465,226.03,939863
2015-11-24,LMT,224.96,226.99,224.5101,226.43,1235198
2015-11-25,LMT,226.48,227.91,225.32,225.8,2156656
2015-11-27,LMT,225.53,226.23,224.31,225.91,972764
2015-11-30,LMT,223.6,223.68,218.53,219.16,3000777
2015-12-01,LMT,220.06,223.1,219.3654,220.2,1267238
2015-12-02,LMT,220.25,220.95,218.78,218.94,1307361
2015-12-03,LMT,219.27,219.76,214.69,215.46,1776848
2015-12-04,LMT,216.0,219.9,216.0,218.39,1701581
2015-12-07,LMT,218.34,219.62,217.545,219.13,1537760
2015-12-08,LMT,217.69,219.78,217.3,218.81,844729
2015-12-09,LMT,218.02,220.255,216.61,217.54,1194981
2015-12-10,LMT,217.92,219.751,217.0,218.88,1119080
2015-12-11,LMT,217.54,219.16,216.7,217.2,1801821
2015-12-14,LMT,215.99,217.57,214.72,216.58,2026459
2015-12-15,LMT,217.0,217.24,214.72,214.84,1540042
2015-12-16,LMT,216.0,218.11,214.75,217.5,1352036
2015-12-17,LMT,217.86,218.765,215.16,215.22,1282280
2015-12-18,LMT,213.75,215.17,211.85,212.18,2058224
2015-12-21,LMT,213.8,215.59,213.52,215.47,1066828
2015-12-22,LMT,216.16,218.23,215.58,217.58,895229
2015-12-23,LMT,218.0,218.35,217.18,217.93,742711
2015-12-24,LMT,218.0,218.999,217.485,218.56,524370
2015-12-28,LMT,218.08,218.77,217.43,218.41,612933
2015-12-29,LMT,219.36,221.35,218.8,220.47,768589
2015-12-30,LMT,220.93,221.24,219.62,219.8,633524
2015-12-31,LMT,219.58,219.95,215.78,217.15,1157827
2016-01-04,LMT,214.0,215.77,211.39,213.21,1875170
2016-01-05,LMT,214.59,218.94,214.02,218.26,1350102
2016-01-06,LMT,217.83,221.0,216.26,217.63,1787147
2016-01-07,LMT,213.81,216.19,212.14,213.29,1810068
2016-01-08,LMT,215.01,216.35,212.37,212.91,1765149
2016-01-11,LMT,215.07,216.47,213.23,215.35,2550165
2016-01-12,LMT,216.03,218.0999,214.51,217.96,1354867
2016-01-13,LMT,219.26,219.62,214.06,214.4,1374093
2016-01-14,LMT,214.42,217.13,212.27,216.42,1920773
2016-01-15,LMT,211.99,217.01,211.99,215.99,2809107
2016-01-19,LMT,216.69,220.78,213.1701,215.29,2918082
2016-01-20,LMT,213.05,216.2,207.62,210.4,2459739
2016-01-21,LMT,211.2,212.0,208.75,210.79,1563513
2016-01-22,LMT,213.71,213.71,211.01,212.04,1517930
2016-01-25,LMT,211.84,212.75,210.0,211.01,1792145
2016-01-26,LMT,201.43,211.22,200.47,209.93,4441492
2016-01-27,LMT,209.89,211.64,207.0,207.86,2694753
2016-01-28,LMT,208.49,209.43,206.17,206.66,1863015
2016-01-29,LMT,207.83,211.05,206.12,211.0,2595912
2016-02-01,LMT,209.26,211.34,208.865,209.8,1673075
2016-02-02,LMT,209.5,210.98,207.64,210.45,1574555
2016-02-03,LMT,212.0,213.64,210.129,212.92,2231158
2016-02-04,LMT,212.5,213.38,209.28,210.21,1628202
2016-02-05,LMT,210.34,212.57,209.57,211.94,1892375
2016-02-08,LMT,209.33,215.15,209.3,214.53,2502133
2016-02-09,LMT,213.12,217.33,212.24,215.98,1983070
2016-02-10,LMT,216.01,217.44,213.624,213.95,1737869
2016-02-11,LMT,211.67,212.75,203.65,207.18,2649690
2016-02-12,LMT,208.31,209.92,205.55,206.08,2331664
2016-02-16,LMT,207.52,209.49,206.85,209.0,1548268
2016-02-17,LMT,210.0,212.97,209.1,212.74,1237731
2016-02-18,LMT,212.25,215.5,212.0,214.2,987137
2016-02-19,LMT,214.51,214.74,212.7,213.62,1233287
2016-02-22,LMT,214.78,216.78,214.48,215.01,974739
2016-02-23,LMT,214.83,215.735,213.87,215.15,1282903
2016-02-24,LMT,213.58,216.99,213.5,216.63,1301720
2016-02-25,LMT,217.0,220.14,216.38,220.03,1489306
2016-02-26,LMT,219.22,219.75,217.11,217.24,1210195
2016-02-29,LMT,216.67,218.1,215.73,215.79,1248598
2016-03-01,LMT,216.59,218.35,214.88,218.13,1159503
2016-03-02,LMT,218.09,218.86,215.78,217.2,1188626
2016-03-03,LMT,216.48,218.62,215.54,218.52,875201
2016-03-04,LMT,217.91,219.08,217.56,218.72,936287
2016-03-07,LMT,217.5,218.38,215.3,215.84,1017809
2016-03-08,LMT,213.95,216.21,210.9,215.34,1843814
2016-03-09,LMT,216.75,217.92,215.74,216.41,988190
2016-03-10,LMT,216.94,218.52,215.67,216.56,1367605
2016-03-11,LMT,218.0,218.89,215.96,217.05,1336363
2016-03-14,LMT,215.62,217.5099,215.62,216.6,934469
2016-03-15,LMT,215.34,217.32,214.81,217.05,1012256
2016-03-16,LMT,217.14,218.94,216.29,218.19,882635
2016-03-17,LMT,218.28,219.9412,217.42,219.25,1299111
2016-03-18,LMT,220.0,221.09,218.37,220.91,2114582
2016-03-21,LMT,220.41,223.19,220.41,221.26,1149739
2016-03-22,LMT,221.05,222.73,220.5,220.73,925318
2016-03-23,LMT,220.89,222.54,220.615,221.26,781907
2016-03-24,LMT,221.05,221.5,217.14,218.0,1319205
2016-03-28,LMT,218.81,219.55,218.34,219.06,994841
2016-03-29,LMT,219.0,220.92,218.43,220.76,748514
2016-03-30,LMT,222.0,223.86,221.79,222.96,950894
2016-03-31,LMT,222.65,223.3299,221.0948,221.5,1105235
2016-04-01,LMT,219.96,223.47,219.17,223.11,957818
2016-04-04,LMT,223.22,224.9,223.08,224.13,1007673
2016-04-05,LMT,224.03,227.03,222.82,225.62,1437329
2016-04-06,LMT,225.31,226.85,225.31,226.63,1276110
2016-04-07,LMT,226.0,227.41,225.64,226.48,1063205
2016-04-08,LMT,227.59,228.0,225.8,226.3,582628
2016-04-11,LMT,226.05,226.71,224.11,224.65,1140225
2016-04-12,LMT,224.75,226.87,224.1803,225.98,682413
2016-04-13,LMT,227.0,227.16,224.93,226.38,809135
2016-04-14,LMT,226.79,226.79,225.19,225.44,774293
2016-04-15,LMT,225.87,225.92,224.62,225.81,1134573
2016-04-18,LMT,225.65,227.63,225.3,227.14,824487
2016-04-19,LMT,227.16,227.89,226.29,226.51,721269
2016-04-20,LMT,227.0,228.12,226.062,226.58,887319
2016-04-21,LMT,226.31,227.31,225.65,226.07,997260
2016-04-22,LMT,226.6,227.865,225.6,226.83,1038051
2016-04-25,LMT,226.04,226.99,225.34,226.3,986315
2016-04-26,LMT,227.85,232.22,227.85,232.16,1918332
2016-04-27,LMT,230.09,234.59,229.96,233.65,1405658
2016-04-28,LMT,232.2,234.48,231.9,232.72,1034891
2016-04-29,LMT,232.1,232.965,230.82,232.38,952725
2016-05-02,LMT,232.74,233.8,232.43,233.24,1008300
2016-05-03,LMT,232.34,234.83,231.365,234.7,1166399
2016-05-04,LMT,233.85,236.34,233.09,236.01,1382850
2016-05-05,LMT,236.1,238.16,235.44,238.14,1198859
2016-05-06,LMT,238.0,240.5,237.7872,240.26,1140760
2016-05-09,LMT,240.26,242.0,239.52,240.32,1498818
2016-05-10,LMT,241.31,244.55,241.29,244.36,1141641
2016-05-11,LMT,243.97,244.49,241.6201,241.83,1006675
2016-05-12,LMT,242.03,245.37,241.5,244.94,969317
2016-05-13,LMT,242.38,244.5,241.7,242.12,1198746
2016-05-16,LMT,241.21,243.994,240.91,242.97,921153
2016-05-17,LMT,243.0,243.53,240.27,241.53,1016101
2016-05-18,LMT,240.89,243.185,240.13,241.58,739859
2016-05-19,LMT,239.68,241.07,237.79,238.89,1360561
2016-05-20,LMT,239.49,240.3,238.39,240.07,1009493
2016-05-23,LMT,240.43,240.5207,239.04,239.52,849610
2016-05-24,LMT,240.4,241.75,240.3,240.97,741454
2016-05-25,LMT,241.3,241.5599,240.5,240.84,737333
2016-05-26,LMT,240.59,242.0,240.11,241.55,648708
2016-05-27,LMT,240.0,240.82,239.21,240.09,794137
2016-05-31,LMT,239.74,240.605,236.15,236.23,2545987
2016-06-01,LMT,235.92,238.58,235.36,238.08,972746
2016-06-02,LMT,238.13,238.245,236.7901,237.83,921498
2016-06-03,LMT,237.58,239.645,236.23,238.92,1516652
2016-06-06,LMT,238.52,240.37,238.52,239.4,1154169
2016-06-07,LMT,240.2,241.36,239.41,239.5,993428
2016-06-08,LMT,239.26,240.75,239.23,240.38,918974
2016-06-09,LMT,240.05,240.87,240.0,240.67,894113
2016-06-10,LMT,240.01,241.7,239.74,240.58,760190
2016-06-13,LMT,240.01,240.7,237.91,237.95,1076282
2016-06-14,LMT,237.78,240.12,237.25,239.7,1220204
2016-06-15,LMT,240.11,240.59,239.23,239.45,854220
2016-06-16,LMT,239.05,240.45,238.09,239.87,1212409
2016-06-17,LMT,240.22,240.22,236.661,237.56,1455742
2016-06-20,LMT,239.2,239.8,237.8601,238.64,1067027
2016-06-21,LMT,239.49,239.85,238.31,238.55,928324
2016-06-22,LMT,238.95,239.27,238.04,238.17,1001844
2016-06-23,LMT,239.79,240.0,238.18,240.0,755762
2016-06-24,LMT,234.85,242.87,234.75,239.7,3471214
2016-06-27,LMT,238.78,239.97,236.07,239.29,1868254
2016-06-28,LMT,240.11,240.96,237.65,240.91,1994741
2016-06-29,LMT,242.0,244.69,241.66,244.08,1190008
2016-06-30,LMT,244.78,248.72,244.67,248.17,2045577
2016-07-01,LMT,248.24,249.923,248.24,249.35,1427822
2016-07-05,LMT,248.8,250.38,248.42,249.51,1327570
2016-07-06,LMT,250.95,251.32,247.88,250.08,1387397
2016-07-07,LMT,250.23,251.22,248.61,249.77,961348
2016-07-08,LMT,250.78,252.295,248.5,251.9,1082839
2016-07-11,LMT,252.38,256.34,251.92,254.39,6337300
2016-07-12,LMT,255.64,256.375,254.03,254.7,4167928
2016-07-13,LMT,255.1,256.44,254.9201,255.9,4781670
2016-07-14,LMT,257.19,257.935,254.7,256.0,3324242
2016-07-15,LMT,257.11,257.62,256.1,256.98,3460736
2016-07-18,LMT,257.78,258.29,255.3,256.29,2345812
2016-07-19,LMT,258.54,263.37,252.1,258.96,4980017
2016-07-20,LMT,259.32,259.82,255.89,256.67,3362076
2016-07-21,LMT,257.49,257.49,251.6,254.14,2742875
2016-07-22,LMT,254.6,257.49,253.05,257.31,1864603
2016-07-25,LMT,256.82,257.28,254.72,255.62,1295943
2016-07-26,LMT,255.62,256.46,253.83,254.76,2121516
2016-07-27,LMT,255.47,256.0,253.0301,254.16,2593320
2016-07-28,LMT,254.2,254.89,252.05,254.55,2716134
2016-07-29,LMT,254.5,254.81,252.7,252.73,2178251
2016-08-01,LMT,252.63,254.9255,252.3,254.84,2782394
2016-08-02,LMT,254.17,257.46,252.73,257.0,4770936
2016-08-03,LMT,257.51,257.75,254.75,256.85,6827181
2016-08-04,LMT,257.65,258.78,256.14,257.75,5720398
2016-08-05,LMT,259.14,260.29,257.63,260.29,4418108
2016-08-08,LMT,260.0,261.87,258.79,260.19,8743439
2016-08-09,LMT,260.43,261.29,259.18,260.66,9900252
2016-08-10,LMT,259.82,262.1,259.07,261.3,9565349
2016-08-11,LMT,261.5,264.07,260.15,262.54,12648897
2016-08-12,LMT,262.49,265.34,261.665,264.15,13962278
2016-08-15,LMT,264.22,266.93,264.2,266.5,9143820
2016-08-16,LMT,265.23,266.045,254.44,256.77,7884356
2016-08-17,LMT,256.7,257.5,251.55,255.64,4381071
2016-08-18,LMT,255.64,255.99,254.1,255.42,2596297
2016-08-19,LMT,254.73,255.0,252.7,254.12,2412945
2016-08-22,LMT,254.37,256.42,253.75,254.2,3791010
2016-08-23,LMT,255.24,255.24,248.1365,249.75,10627904
2016-08-24,LMT,248.76,249.75,244.8,248.12,10559925
2016-08-25,LMT,247.61,250.19,246.0,248.53,4383875
2016-08-26,LMT,249.0,249.8,243.65,244.44,4697122
2016-08-29,LMT,245.0,246.08,244.04,244.31,1637621
2016-08-30,LMT,242.65,243.31,238.851,239.45,1887437
2016-08-31,LMT,239.0,243.62,238.6,242.97,2890210
2016-09-01,LMT,243.13,243.84,241.9,243.61,1337103
2016-09-02,LMT,243.75,245.0,242.26,243.32,1492696
2016-09-06,LMT,244.24,244.49,242.26,243.0,1600397
2016-09-07,LMT,242.16,243.0,241.15,241.37,1245871
2016-09-08,LMT,240.49,242.25,240.0,241.63,1249590
2016-09-09,LMT,240.14,240.64,237.89,237.94,1574151
2016-09-12,LMT,236.5,239.5,235.28,238.8,1822011
2016-09-13,LMT,237.67,238.721,237.0,237.41,1609021
2016-09-14,LMT,237.41,239.01,236.911,237.41,1494462
2016-09-15,LMT,237.41,239.49,236.7,239.09,1273605
2016-09-16,LMT,238.42,238.64,237.25,237.45,2892900
2016-09-19,LMT,239.3,241.89,239.08,240.88,1456596
2016-09-20,LMT,241.35,242.24,240.48,240.48,1007955
2016-09-21,LMT,241.14,243.87,240.62,243.82,1660536
2016-09-22,LMT,244.95,247.03,244.74,246.62,1173013
2016-09-23,LMT,246.08,246.54,244.64,245.84,858776
2016-09-26,LMT,245.71,247.48,245.01,245.53,880702
2016-09-27,LMT,246.04,247.02,245.3,245.79,946531
2016-09-28,LMT,246.13,246.96,244.86,245.75,1352642
2016-09-29,LMT,246.08,246.08,240.96,242.34,1134120
2016-09-30,LMT,243.06,243.47,237.33,239.72,2167014
2016-10-03,LMT,238.71,241.2999,237.54,240.58,1339016
2016-10-04,LMT,240.96,241.05,236.5,237.1,1409589
2016-10-05,LMT,239.05,239.05,236.5,236.6,1172065
2016-10-06,LMT,237.0,237.02,234.48,234.72,1899906
2016-10-07,LMT,233.2,233.99,231.57,233.53,2184089
2016-10-10,LMT,233.82,234.93,233.12,233.29,990194
2016-10-11,LMT,233.0,233.63,231.6415,231.85,1060698
2016-10-12,LMT,231.93,233.12,231.37,232.1,1256281
2016-10-13,LMT,231.66,233.4199,231.05,232.99,1112115
2016-10-14,LMT,233.38,234.09,231.93,232.57,1081038
2016-10-17,LMT,232.68,234.33,232.6,232.77,793295
2016-10-18,LMT,234.29,239.6,232.58,232.79,867910
2016-10-19,LMT,233.08,233.74,231.58,232.33,992557
2016-10-20,LMT,232.15,232.71,230.72,231.83,922754
2016-10-21,LMT,231.07,231.16,228.5,230.52,1553133
2016-10-24,LMT,231.5,232.49,230.92,232.16,1304883
2016-10-25,LMT,241.08,249.79,238.64,249.26,3130924
2016-10-26,LMT,248.6,252.0,247.49,250.09,2112342
2016-10-27,LMT,250.28,251.24,248.05,248.53,1294373
2016-10-28,LMT,248.72,250.1682,247.69,248.0,1119025
2016-10-31,LMT,248.24,248.81,245.68,246.38,1320867
2016-11-01,LMT,247.19,247.19,244.23,244.98,1081151
2016-11-02,LMT,244.95,247.65,244.2,245.11,954207
2016-11-03,LMT,242.55,243.4,237.11,238.7,1695139
2016-11-04,LMT,238.85,239.7,236.2064,236.28,1512179
2016-11-07,LMT,239.83,239.92,237.52,239.27,1375974
2016-11-08,LMT,239.0,240.915,238.6,239.19,1259281
2016-11-09,LMT,256.59,257.48,250.0,253.46,4184280
2016-11-10,LMT,257.5,258.19,252.77,257.27,2627553
2016-11-11,LMT,257.96,259.73,255.06,259.17,2002930
2016-11-14,LMT,261.23,267.81,260.8,267.24,2455096
2016-11-15,LMT,268.79,269.74,261.85,265.93,2014589
2016-11-16,LMT,265.87,266.17,261.46,263.35,1464166
2016-11-17,LMT,263.5,264.47,262.39,263.28,914217
2016-11-18,LMT,263.14,264.46,261.58,263.09,1197134
2016-11-21,LMT,264.05,264.33,262.64,263.42,965537
2016-11-22,LMT,264.49,265.64,263.42,264.66,1244667
2016-11-23,LMT,264.91,265.82,263.56,264.4,1039660
2016-11-25,LMT,265.34,266.49,264.65,265.92,653602
2016-11-28,LMT,265.73,266.23,264.86,265.93,1364947
2016-11-29,LMT,264.5,267.767,263.71,266.58,1209462
2016-11-30,LMT,267.55,267.95,265.25,265.25,1468029
2016-12-01,LMT,265.29,266.53,264.31,266.4,874893
2016-12-02,LMT,266.58,268.15,266.01,267.62,1090977
2016-12-05,LMT,268.95,269.9,266.31,266.93,1270311
2016-12-06,LMT,265.83,266.795,264.01,266.0,1145873
2016-12-07,LMT,266.07,267.0,264.35,266.38,1269400
2016-12-08,LMT,266.38,266.38,258.6101,259.25,2767329
2016-12-09,LMT,258.6,260.22,258.06,259.53,1546118
2016-12-12,LMT,251.78,253.7,245.5,253.11,7079560
2016-12-13,LMT,254.67,255.5,250.12,251.69,2519206
2016-12-14,LMT,252.31,254.83,252.08,252.3,1844932
2016-12-15,LMT,252.34,253.31,250.41,250.65,1855577
2016-12-16,LMT,251.28,252.79,249.03,250.08,2138087
2016-12-19,LMT,249.54,252.46,249.54,252.18,1045618
2016-12-20,LMT,252.18,253.78,252.1,253.73,900193
2016-12-21,LMT,254.5,254.5,252.28,252.52,819578
2016-12-22,LMT,252.01,253.5,251.1,252.8,831089
2016-12-23,LMT,248.17,251.88,247.01,249.59,2087062
2016-12-27,LMT,250.78,251.75,250.2,250.86,788812
2016-12-28,LMT,250.44,251.0,248.52,249.58,1007706
2016-12-29,LMT,250.19,251.915,249.45,250.59,900899
2016-12-30,LMT,250.53,251.32,248.78,249.94,1058246
2017-01-03,LMT,251.2,254.11,250.76,253.31,1667668
2017-01-04,LMT,254.1,254.9,253.34,253.99,1077649
2017-01-05,LMT,254.37,258.02,254.1,255.98,1279448
2017-01-06,LMT,255.48,258.57,255.48,257.85,1246437
2017-01-09,LMT,258.0,258.99,257.43,257.81,1067126
2017-01-10,LMT,258.16,258.96,256.17,256.17,1146353
2017-01-11,LMT,256.3,257.0,251.71,255.13,1613810
2017-01-12,LMT,254.91,255.33,251.31,252.62,1153409
2017-01-13,LMT,252.74,255.95,252.02,254.53,1162023
2017-01-17,LMT,253.46,254.34,252.06,254.12,1431482
2017-01-18,LMT,254.1,254.73,252.9401,254.07,925341
2017-01-19,LMT,255.57,257.44,255.19,257.03,1076458
2017-01-20,LMT,257.96,258.08,256.1,257.73,1184433
2017-01-23,LMT,258.15,259.74,255.02,257.48,1606287
2017-01-24,LMT,250.38,253.45,249.02,252.91,2984999
2017-01-25,LMT,253.06,254.3299,248.0,251.0,2329854
2017-01-26,LMT,250.0,254.99,249.55,254.97,1956738
2017-01-27,LMT,254.98,259.12,250.13,253.5,2597627
2017-01-30,LMT,254.33,256.28,251.88,252.83,1537362
2017-01-31,LMT,252.32,252.5,249.96,251.33,1276311
2017-02-01,LMT,250.83,252.56,249.98,250.9,1210386
2017-02-02,LMT,250.9,252.165,250.34,251.97,1045748
2017-02-03,LMT,252.67,256.46,251.5,254.46,1803657
2017-02-06,LMT,254.43,257.07,254.11,255.31,980820
2017-02-07,LMT,256.0,257.3,255.58,256.37,977790
2017-02-08,LMT,256.93,257.809,256.4,256.74,973415
2017-02-09,LMT,256.8,259.04,256.8,258.2,869679
2017-02-10,LMT,258.48,260.916,258.0,260.55,749403
2017-02-13,LMT,261.05,263.11,261.02,262.35,906759
2017-02-14,LMT,262.19,263.16,261.85,262.56,824197
2017-02-15,LMT,262.0,263.76,261.07,263.46,1063803
2017-02-16,LMT,263.92,265.4,262.73,265.33,859021
2017-02-17,LMT,264.71,265.43,263.5,265.35,882742
2017-02-21,LMT,264.81,266.07,264.19,265.66,957257
2017-02-22,LMT,265.0,266.02,264.21,265.92,712715
2017-02-23,LMT,266.31,266.31,263.77,264.85,1008277
2017-02-24,LMT,264.57,266.0,263.18,266.0,929225
2017-02-27,LMT,265.0,270.0,264.2,269.36,1500444
2017-02-28,LMT,269.64,269.72,266.45,266.58,2049434
2017-03-01,LMT,269.09,270.0,267.33,268.38,1125601
2017-03-02,LMT,269.0,269.0,266.22,266.99,954181
2017-03-03,LMT,267.07,268.33,266.251,267.76,772421
2017-03-06,LMT,267.43,268.48,266.8,267.72,778302
2017-03-07,LMT,267.31,269.38,267.3,269.04,884634
2017-03-08,LMT,269.0,269.045,267.31,267.72,820093
2017-03-09,LMT,268.0,269.0,267.54,268.68,729460
2017-03-10,LMT,269.9,269.9,267.27,268.66,687343
2017-03-13,LMT,268.51,269.26,268.0049,269.19,819126
2017-03-14,LMT,268.93,269.15,267.38,268.0,701651
2017-03-15,LMT,268.0,269.87,267.75,269.44,748495
2017-03-16,LMT,270.68,270.68,267.13,267.94,982178
2017-03-17,LMT,268.78,272.18,268.3,271.98,2127652
2017-03-20,LMT,272.16,274.57,271.625,272.03,1324995
2017-03-21,LMT,272.35,273.02,268.36,269.0,1359584
2017-03-22,LMT,268.83,270.28,267.91,269.42,1021193
2017-03-23,LMT,269.42,271.47,268.98,269.5,804297
2017-03-24,LMT,269.83,269.978,266.725,267.42,870501
2017-03-27,LMT,265.65,267.8799,264.041,267.16,994391
2017-03-28,LMT,266.63,270.7899,266.02,269.12,1021333
2017-03-29,LMT,268.92,268.92,267.26,268.24,814143
2017-03-30,LMT,268.56,270.93,268.21,270.54,562507
2017-03-31,LMT,270.47,270.47,267.6,267.6,1214444
2017-04-03,LMT,267.6,269.3,267.35,268.68,799099
2017-04-04,LMT,268.54,270.05,268.25,269.56,568007
2017-04-05,LMT,269.84,270.95,266.81,266.98,949515
2017-04-06,LMT,266.87,267.79,266.32,267.11,740491
2017-04-07,LMT,272.34,272.34,268.18,270.23,1020824
2017-04-10,LMT,270.19,271.36,268.835,269.03,789254
2017-04-11,LMT,269.0,270.52,268.18,270.27,744445
2017-04-12,LMT,269.89,270.475,268.04,268.51,955388
2017-04-13,LMT,268.14,270.28,268.0,268.0,764024
2017-04-17,LMT,268.13,269.9,267.91,269.88,811635
2017-04-18,LMT,269.88,270.7,268.22,268.78,762905
2017-04-19,LMT,269.69,270.0484,268.67,269.63,816649
2017-04-20,LMT,270.15,273.199,269.665,271.85,814558
2017-04-21,LMT,272.2,274.49,272.0,273.09,955493
2017-04-24,LMT,275.54,276.64,274.31,276.21,1098834
2017-04-25,LMT,273.9,274.5,267.675,270.02,2963859
2017-04-26,LMT,270.59,272.51,269.54,270.35,1477178
2017-04-27,LMT,270.84,272.77,269.94,271.14,953829
2017-04-28,LMT,271.07,271.542,268.62,269.45,1004174
2017-05-01,LMT,269.55,270.11,268.37,268.43,841677
2017-05-02,LMT,268.19,269.87,268.0,269.49,737105
2017-05-03,LMT,268.75,269.95,268.2,269.6,636526
2017-05-04,LMT,269.87,270.71,268.86,270.51,691113
2017-05-05,LMT,270.68,273.1,270.21,273.03,812695
2017-05-08,LMT,272.92,274.0,272.1,272.5,674829
2017-05-09,LMT,273.0,274.22,272.268,273.87,897905
2017-05-10,LMT,272.88,273.71,270.17,271.74,934942
2017-05-11,LMT,271.14,272.2499,270.2,272.09,605542
2017-05-12,LMT,270.91,271.7,270.75,271.26,599693
2017-05-15,LMT,271.28,272.47,271.05,272.35,616533
2017-05-16,LMT,272.08,273.26,271.43,271.65,614812
2017-05-17,LMT,270.1,270.73,268.9101,269.24,943254
2017-05-18,LMT,268.54,269.0,266.01,267.32,1245863
2017-05-19,LMT,268.7,272.88,268.11,272.79,1254064
2017-05-22,LMT,280.79,280.79,276.22,277.03,1601219
2017-05-23,LMT,278.0,278.62,276.1,278.36,874710
2017-05-24,LMT,278.22,280.56,278.11,280.05,872150
2017-05-25,LMT,281.0,282.33,280.56,282.06,834315
2017-05-26,LMT,282.04,284.0,281.54,283.65,854649
2017-05-30,LMT,281.83,282.84,279.73,280.09,902223
2017-05-31,LMT,279.47,281.28,279.27,281.13,1506621
2017-06-01,LMT,281.18,281.7,279.5,280.96,829260
2017-06-02,LMT,281.28,282.89,280.75,281.76,749261
2017-06-05,LMT,281.5,282.3,280.09,280.13,623248
2017-06-06,LMT,279.54,279.9477,276.72,276.88,890784
2017-06-07,LMT,277.41,277.85,276.24,277.38,658854
2017-06-08,LMT,278.0,278.69,276.67,277.62,1116395
2017-06-09,LMT,277.66,279.1899,276.61,277.0,1021687
2017-06-12,LMT,277.09,277.225,273.73,276.89,835958
2017-06-13,LMT,276.9,278.94,275.48,278.36,638691
2017-06-14,LMT,278.1,282.32,278.0,280.3,828899
2017-06-15,LMT,279.75,281.57,277.773,280.93,617749
2017-06-16,LMT,282.13,282.2799,280.68,281.11,1287564
2017-06-19,LMT,281.75,284.4799,281.39,282.3,1064063
2017-06-20,LMT,282.95,284.98,282.395,282.89,967631
2017-06-21,LMT,283.68,284.21,282.21,282.99,801424
2017-06-22,LMT,282.73,283.71,280.38,280.43,694001
2017-06-23,LMT,280.03,281.48,280.03,280.64,1026843
2017-06-26,LMT,281.17,283.2,279.49,279.7,887131
2017-06-27,LMT,279.32,280.21,277.83,277.83,740502
2017-06-28,LMT,279.08,280.92,278.37,280.02,955916
2017-06-29,LMT,279.85,279.85,274.69,276.73,905160
2017-06-30,LMT,277.62,278.92,276.32,277.61,1085872
2017-07-03,LMT,277.39,280.48,277.2,278.92,462790
2017-07-05,LMT,279.5,283.72,279.4,282.4,869479
2017-07-06,LMT,282.0,283.475,280.4,280.96,766047
2017-07-07,LMT,281.66,286.95,281.5,285.2,1197177
2017-07-10,LMT,285.5,287.91,284.22,285.57,1348114
2017-07-11,LMT,285.57,287.75,285.06,286.42,915644
2017-07-12,LMT,287.15,288.77,286.36,286.36,812590
2017-07-13,LMT,287.12,287.85,285.78,286.76,705408
2017-07-14,LMT,287.05,288.77,286.71,288.13,887863
2017-07-17,LMT,288.5,290.06,287.61,288.49,1319277
2017-07-18,LMT,290.64,292.97,286.03,286.79,1811020
2017-07-19,LMT,287.68,291.28,287.04,290.67,1139818
2017-07-20,LMT,290.58,290.74,288.941,289.67,1150891
2017-07-21,LMT,288.3,290.07,286.86,289.12,1230081
2017-07-24,LMT,289.47,291.24,289.2,290.28,768718
2017-07-25,LMT,291.48,292.07,289.72,289.83,805237
2017-07-26,LMT,290.82,290.99,288.77,289.85,882610
2017-07-27,LMT,290.2,290.49,286.17,288.13,1117441
2017-07-28,LMT,288.07,290.7699,286.58,290.41,1086242
2017-07-31,LMT,291.42,293.84,291.03,292.13,1145699
2017-08-01,LMT,292.73,294.84,292.15,294.7,983727
2017-08-02,LMT,292.73,294.84,292.15,294.7,984499
2017-08-03,LMT,294.0,295.91,292.8001,295.82,983639
2017-08-04,LMT,296.27,297.0,295.04,297.0,796392
2017-08-07,LMT,297.31,297.73,296.6,297.15,769137
2017-08-08,LMT,297.79,300.42,297.335,300.1,1009268
2017-08-09,LMT,301.2,305.54,301.0001,305.22,1750639
2017-08-10,LMT,306.55,307.1,303.0,303.25,1339550
2017-08-11,LMT,302.84,306.45,302.58,303.75,987783
2017-08-14,LMT,305.45,308.06,304.26,307.58,1202993
2017-08-15,LMT,307.97,308.48,305.52,306.2,1020259
2017-08-16,LMT,305.88,306.8072,305.35,305.8,1035574
2017-08-17,LMT,305.26,305.65,301.27,301.42,1066954
2017-08-18,LMT,300.87,301.26,298.821,299.2,1204704
2017-08-21,LMT,300.0,302.23,297.77,301.88,962243
2017-08-22,LMT,303.51,305.48,302.97,304.8,960436
2017-08-23,LMT,304.0,304.56,302.53,302.84,697111
2017-08-24,LMT,303.51,304.05,301.25,302.6,574443
2017-08-25,LMT,303.92,304.68,302.71,302.8,571101
2017-08-28,LMT,303.73,303.85,302.51,303.61,830378
2017-08-29,LMT,304.5,308.18,304.5,308.14,1277557
2017-08-30,LMT,306.42,307.22,305.5,306.3,1273020
2017-08-31,LMT,306.86,306.86,304.97,305.39,982395
2017-09-01,LMT,305.96,306.34,302.19,302.19,1188815
2017-09-05,LMT,304.45,304.53,301.91,302.2,1388379
2017-09-06,LMT,303.41,303.94,301.31,301.45,1217379
2017-09-07,LMT,301.45,302.77,300.24,302.35,923377
2017-09-08,LMT,301.52,303.66,301.52,302.9,1161734
2017-09-11,LMT,303.7,304.5925,302.21,304.48,917551
2017-09-12,LMT,304.45,304.76,302.91,303.73,640851
2017-09-13,LMT,303.06,303.06,300.11,300.2,1143141
2017-09-14,LMT,300.2,301.39,298.4,301.34,1507615
2017-09-15,LMT,302.34,303.35,301.03,302.3,2025925
2017-09-18,LMT,302.86,304.33,302.4,303.8,1005587
2017-09-19,LMT,304.29,307.26,303.66,305.65,1365111
2017-09-20,LMT,305.36,307.96,305.24,307.9,1265001
2017-09-21,LMT,308.1,308.91,307.3866,308.01,875553
2017-09-22,LMT,308.65,311.36,308.26,308.54,1018588
2017-09-25,LMT,308.48,308.974,304.71,306.85,1222361
2017-09-26,LMT,308.55,310.69,308.21,309.58,1025850
2017-09-27,LMT,309.7,311.32,309.01,310.13,973340
2017-09-28,LMT,309.01,310.37,306.58,309.13,824654
2017-09-29,LMT,308.95,310.36,308.69,310.29,911489
2017-10-02,LMT,310.79,311.38,309.27,311.33,1007846
2017-10-03,LMT,311.38,314.02,311.3,312.86,803332
2017-10-04,LMT,313.28,314.1,312.46,313.02,903777
2017-10-05,LMT,312.82,315.285,312.64,314.58,950398
2017-10-06,LMT,315.0,316.46,314.28,316.46,857932
2017-10-09,LMT,316.62,318.34,315.5,317.3,880540
2017-10-10,LMT,318.32,318.32,316.22,317.71,941547
2017-10-11,LMT,317.65,318.8,317.05,318.59,706261
2017-10-12,LMT,318.35,321.56,318.28,321.15,867742
2017-10-13,LMT,321.62,322.19,319.14,319.39,1095705
2017-10-16,LMT,319.74,320.67,317.74,318.94,588257
2017-10-17,LMT,318.7,318.925,317.02,318.27,741610
2017-10-18,LMT,318.33,318.815,314.7,315.57,1131513
2017-10-19,LMT,315.57,317.07,313.02,316.84,727774
2017-10-20,LMT,317.93,320.0,316.6,320.0,933370
2017-10-23,LMT,321.06,321.56,319.87,320.73,1238958
2017-10-24,LMT,314.69,317.0,310.61,313.15,2567774
2017-10-25,LMT,312.86,315.955,311.31,312.46,1530105
2017-10-26,LMT,313.44,314.42,303.31,307.89,1599418
2017-10-27,LMT,307.95,310.375,307.75,308.0,998712
2017-10-30,LMT,308.5,310.42,307.82,308.63,1157460
2017-10-31,LMT,309.16,309.835,308.14,308.16,693912
2017-11-01,LMT,309.05,309.66,306.23,306.6,1016082
2017-11-02,LMT,306.11,310.86,306.11,310.86,868911
2017-11-03,LMT,310.92,311.8522,309.035,309.99,652239
2017-11-06,LMT,309.72,311.93,308.68,310.08,717346
2017-11-07,LMT,310.08,313.37,310.08,313.29,874524
2017-11-08,LMT,313.44,315.7,313.3,315.64,730128
2017-11-09,LMT,314.85,315.06,310.28,311.08,889255
2017-11-10,LMT,310.3,311.68,309.76,311.17,630850
2017-11-13,LMT,311.0,313.28,310.31,312.95,702812
2017-11-14,LMT,312.0,314.0,310.7,313.74,605687
2017-11-15,LMT,313.1,313.78,310.54,310.64,754876
2017-11-16,LMT,311.09,312.8028,311.0,312.65,635588
2017-11-17,LMT,311.59,312.43,309.5,309.7,692334
2017-11-20,LMT,310.2,315.57,310.0101,314.65,902098
2017-11-21,LMT,315.24,317.62,314.61,316.94,858021
2017-11-22,LMT,316.31,316.86,314.3472,314.87,685744
2017-11-24,LMT,315.09,316.23,315.02,315.82,320919
2017-11-27,LMT,316.0,316.89,315.045,316.7,657817
2017-11-28,LMT,316.78,319.43,316.17,319.01,967205
2017-11-29,LMT,319.5,321.21,318.33,320.76,1190559
2017-11-30,LMT,319.62,320.94,318.475,319.12,2626221
2017-12-01,LMT,319.06,319.63,311.1301,313.57,1707449
2017-12-04,LMT,315.94,316.52,311.61,311.78,1365859
2017-12-05,LMT,314.5,314.5,310.07,310.14,1170963
2017-12-06,LMT,310.25,313.07,310.25,311.97,824790
2017-12-07,LMT,311.83,315.36,311.81,314.42,972381
2017-12-08,LMT,316.56,316.56,313.45,315.85,853887
2017-12-11,LMT,315.45,317.235,315.15,316.17,765760
2017-12-12,LMT,316.38,316.9,314.91,315.89,1082388
2017-12-13,LMT,316.66,319.835,316.3,317.79,862435
2017-12-14,LMT,318.37,319.03,316.42,317.01,867643
2017-12-15,LMT,319.15,323.38,318.43,322.82,1929416
2017-12-18,LMT,322.81,323.94,319.0,322.76,1254405
2017-12-19,LMT,321.66,323.13,319.78,319.97,930995
2017-12-20,LMT,319.75,321.255,317.65,317.72,932407
2017-12-21,LMT,317.605,319.2,317.01,317.19,868675
2017-12-22,LMT,317.99,319.24,317.6,318.03,542941
2017-12-26,LMT,318.36,319.77,317.97,318.51,517446
2017-12-27,LMT,319.67,319.67,318.0701,319.44,574679
2017-12-28,LMT,319.83,322.3,319.71,322.1,721724
2017-12-29,LMT,322.22,323.15,321.02,321.05,731198
